{"parent":"minecraft:block/black_wool","overrides":[{"model":"polydecorations:block/birch_bench_right","predicate":{"custom_model_data":100001}},{"model":"polydecorations:block/dark_oak_bench_norest_right","predicate":{"custom_model_data":100002}},{"model":"polydecorations:block/oak_table_2","predicate":{"custom_model_data":100003}},{"model":"polydecorations:block/birch_table_2","predicate":{"custom_model_data":100004}},{"model":"polydecorations:block/cherry_table_2","predicate":{"custom_model_data":100005}},{"model":"polydecorations:block/dark_oak_table_2","predicate":{"custom_model_data":100006}},{"model":"polydecorations:block/warped_table_2","predicate":{"custom_model_data":100007}},{"model":"polydecorations:block/bamboo_table_2","predicate":{"custom_model_data":100008}},{"model":"polydecorations:block/statue/prismarine/head","predicate":{"custom_model_data":100009}},{"model":"polydecorations:block/statue/diorite/left_arm","predicate":{"custom_model_data":100010}},{"model":"polydecorations:block/statue/tuff_bricks/left_leg","predicate":{"custom_model_data":100011}},{"model":"polydecorations:block/statue/yellow_terracotta/head","predicate":{"custom_model_data":100012}},{"model":"polydecorations:block/statue/cyan_terracotta/left_arm","predicate":{"custom_model_data":100013}},{"model":"polydecorations:block/statue/red_terracotta/left_leg","predicate":{"custom_model_data":100014}},{"model":"polydecorations:block/statue/cherry/head","predicate":{"custom_model_data":100015}},{"model":"polydecorations:block/statue/mangrove/left_arm","predicate":{"custom_model_data":100016}},{"model":"polyfactory:block/pipe/13","predicate":{"custom_model_data":100017}},{"model":"polyfactory:block/pipe/45","predicate":{"custom_model_data":100018}},{"model":"polyfactory:block/fluid/flat_scaled/12/minecraft/lava","predicate":{"custom_model_data":100019}},{"model":"polyfactory:block/fluid/portable_fluid_tank/h12/minecraft/lava","predicate":{"custom_model_data":100020}},{"model":"polyfactory:block/fluid/portable_fluid_tank/v14/minecraft/milk","predicate":{"custom_model_data":100021}},{"model":"polyfactory:block/fluid/filtered_pipe/minecraft/experience","predicate":{"custom_model_data":100022}},{"model":"polyfactory:block/fluid/flat_scaled/2/minecraft/snow","predicate":{"custom_model_data":100023}},{"model":"polyfactory:block/fluid/portable_fluid_tank/h2/minecraft/snow","predicate":{"custom_model_data":100024}}]}