{"parent":"minecraft:block/blue_wool","overrides":[{"model":"polydecorations:block/spruce_bench_norest_left","predicate":{"custom_model_data":100001}},{"model":"polydecorations:block/dark_oak_bench_right","predicate":{"custom_model_data":100002}},{"model":"polydecorations:block/bamboo_bench_norest_right","predicate":{"custom_model_data":100003}},{"model":"polydecorations:block/spruce_table_14","predicate":{"custom_model_data":100004}},{"model":"polydecorations:block/acacia_table_14","predicate":{"custom_model_data":100005}},{"model":"polydecorations:block/jungle_table_14","predicate":{"custom_model_data":100006}},{"model":"polydecorations:block/crimson_table_14","predicate":{"custom_model_data":100007}},{"model":"polydecorations:block/mangrove_table_14","predicate":{"custom_model_data":100008}},{"model":"polydecorations:block/statue/blackstone/left_arm","predicate":{"custom_model_data":100009}},{"model":"polydecorations:block/statue/andesite/left_leg","predicate":{"custom_model_data":100010}},{"model":"polydecorations:block/statue/tuff_bricks/head","predicate":{"custom_model_data":100011}},{"model":"polydecorations:block/statue/light_blue_terracotta/left_arm","predicate":{"custom_model_data":100012}},{"model":"polydecorations:block/statue/light_gray_terracotta/left_leg","predicate":{"custom_model_data":100013}},{"model":"polydecorations:block/statue/red_terracotta/head","predicate":{"custom_model_data":100014}},{"model":"polydecorations:block/statue/acacia/left_arm","predicate":{"custom_model_data":100015}},{"model":"polydecorations:block/statue/warped/left_leg","predicate":{"custom_model_data":100016}},{"model":"polyfactory:block/pipe/9","predicate":{"custom_model_data":100017}},{"model":"polyfactory:block/pipe/41","predicate":{"custom_model_data":100018}},{"model":"polyfactory:block/fluid/flat_scaled/8/minecraft/lava","predicate":{"custom_model_data":100019}},{"model":"polyfactory:block/fluid/portable_fluid_tank/h8/minecraft/lava","predicate":{"custom_model_data":100020}},{"model":"polyfactory:block/fluid/portable_fluid_tank/v10/minecraft/milk","predicate":{"custom_model_data":100021}},{"model":"polyfactory:block/fluid/flat_scaled/12/minecraft/experience","predicate":{"custom_model_data":100022}},{"model":"polyfactory:block/fluid/portable_fluid_tank/h12/minecraft/experience","predicate":{"custom_model_data":100023}},{"model":"polyfactory:block/fluid/portable_fluid_tank/v14/minecraft/snow","predicate":{"custom_model_data":100024}}]}