{"parent":"minecraft:item/generated","textures":{"layer0":"minecraft:item/brick"},"overrides":[{"model":"computercraft:block/turtle_modem_normal_off_right","predicate":{"custom_model_data":100001}},{"model":"computercraft:block/computer_advanced_on","predicate":{"custom_model_data":100002}},{"model":"computercraft:block/monitor_normal_l","predicate":{"custom_model_data":100003}},{"model":"computercraft:block/monitor_advanced_d","predicate":{"custom_model_data":100004}},{"model":"computercraft:block/monitor_advanced_ud","predicate":{"custom_model_data":100005}},{"model":"computercraft:block/wired_modem_on_peripheral","predicate":{"custom_model_data":100006}},{"model":"computercraft:item/wireless_modem_advanced","predicate":{"custom_model_data":100007}},{"model":"polydecorations:block/spruce_shelf_double","predicate":{"custom_model_data":100008}},{"model":"polydecorations:block/mangrove_shelf_top","predicate":{"custom_model_data":100009}},{"model":"polydecorations:item/crimson_shelf","predicate":{"custom_model_data":100010}},{"model":"polydecorations:item/oak_bench","predicate":{"custom_model_data":100011}},{"model":"polydecorations:item/bamboo_tool_rack","predicate":{"custom_model_data":100012}},{"model":"polydecorations:item/dark_oak_mailbox","predicate":{"custom_model_data":100013}},{"model":"polydecorations:item/mangrove_sign_post","predicate":{"custom_model_data":100014}},{"model":"polydecorations:item/large_flower_pot","predicate":{"custom_model_data":100015}},{"model":"polydecorations:item/tuff_bricks_statue","predicate":{"custom_model_data":100016}},{"model":"polydecorations:item/green_terracotta_statue","predicate":{"custom_model_data":100017}},{"model":"polyfactory:item/mod_icon","predicate":{"custom_model_data":100018}},{"model":"polyfactory:item/planter","predicate":{"custom_model_data":100019}},{"model":"polyfactory:item/brittle_glass_bottle","predicate":{"custom_model_data":100020}},{"model":"polyfactory:item/redstone_output","predicate":{"custom_model_data":100021}},{"model":"polyfactory:item/inverted_redstone_lamp","predicate":{"custom_model_data":100022}},{"model":"polyfactory:item/nozzle","predicate":{"custom_model_data":100023}},{"model":"polyfactory:block/fluid_tank/negative_middle_positive","predicate":{"custom_model_data":100024}},{"model":"polyfactory:block/fluid_tank/middle_middle_positive","predicate":{"custom_model_data":100025}},{"model":"polyfactory:block/fluid_tank/positive_middle_middle","predicate":{"custom_model_data":100026}},{"model":"polyfactory:block/fluid_tank/single_middle_negative","predicate":{"custom_model_data":100027}},{"model":"polyfactory:item/portable_fluid_tank/minecraft/milk","predicate":{"custom_model_data":100028}},{"model":"computercraft:block/turtle_rainbow_overlay","predicate":{"custom_model_data":100029}}]}