{"parent":"minecraft:item/generated","textures":{"layer0":"minecraft:item/clay_ball"},"overrides":[{"model":"computercraft:block/turtle_modem_advanced_off_left","predicate":{"custom_model_data":100001}},{"model":"computercraft:block/computer_command_on","predicate":{"custom_model_data":100002}},{"model":"computercraft:block/monitor_normal_lrd","predicate":{"custom_model_data":100003}},{"model":"computercraft:block/monitor_advanced_lr","predicate":{"custom_model_data":100004}},{"model":"computercraft:block/wireless_modem_advanced_off","predicate":{"custom_model_data":100005}},{"model":"computercraft:item/computer_advanced","predicate":{"custom_model_data":100006}},{"model":"computercraft:item/wired_modem","predicate":{"custom_model_data":100007}},{"model":"polydecorations:block/acacia_shelf_top","predicate":{"custom_model_data":100008}},{"model":"polydecorations:block/bamboo_shelf_double","predicate":{"custom_model_data":100009}},{"model":"polydecorations:item/mangrove_shelf","predicate":{"custom_model_data":100010}},{"model":"polydecorations:item/acacia_table","predicate":{"custom_model_data":100011}},{"model":"polydecorations:item/crimson_tool_rack","predicate":{"custom_model_data":100012}},{"model":"polydecorations:item/oak_mailbox","predicate":{"custom_model_data":100013}},{"model":"polydecorations:item/spruce_statue","predicate":{"custom_model_data":100014}},{"model":"polydecorations:item/deepslate_statue","predicate":{"custom_model_data":100015}},{"model":"polydecorations:item/orange_terracotta_statue","predicate":{"custom_model_data":100016}},{"model":"polydecorations:block/lantern_support","predicate":{"custom_model_data":100017}},{"model":"polyfactory:item/sticky_conveyor","predicate":{"custom_model_data":100018}},{"model":"polyfactory:item/gearbox","predicate":{"custom_model_data":100019}},{"model":"polyfactory:item/steel_gear","predicate":{"custom_model_data":100020}},{"model":"polyfactory:item/arithmetic_operator","predicate":{"custom_model_data":100021}},{"model":"polyfactory:item/slime_bucket","predicate":{"custom_model_data":100022}},{"model":"polyfactory:item/mechanical_spout","predicate":{"custom_model_data":100023}},{"model":"polyfactory:block/fluid_tank/negative_positive_middle","predicate":{"custom_model_data":100024}},{"model":"polyfactory:block/fluid_tank/middle_positive_middle","predicate":{"custom_model_data":100025}},{"model":"polyfactory:block/fluid_tank/positive_positive_negative","predicate":{"custom_model_data":100026}},{"model":"polyfactory:block/fluid_tank/single_middle_single","predicate":{"custom_model_data":100027}},{"model":"polyfactory:item/portable_fluid_tank/minecraft/slime","predicate":{"custom_model_data":100028}}]}