{"parent":"minecraft:block/cyan_wool","overrides":[{"model":"polydecorations:block/spruce_bench_middle","predicate":{"custom_model_data":100001}},{"model":"polydecorations:block/jungle_bench_norest_middle","predicate":{"custom_model_data":100002}},{"model":"polydecorations:block/bamboo_bench_norest","predicate":{"custom_model_data":100003}},{"model":"polydecorations:block/spruce_table_12","predicate":{"custom_model_data":100004}},{"model":"polydecorations:block/acacia_table_12","predicate":{"custom_model_data":100005}},{"model":"polydecorations:block/jungle_table_12","predicate":{"custom_model_data":100006}},{"model":"polydecorations:block/crimson_table_12","predicate":{"custom_model_data":100007}},{"model":"polydecorations:block/mangrove_table_12","predicate":{"custom_model_data":100008}},{"model":"polydecorations:block/statue/blackstone/head","predicate":{"custom_model_data":100009}},{"model":"polydecorations:block/statue/andesite/left_arm","predicate":{"custom_model_data":100010}},{"model":"polydecorations:block/statue/stone_bricks/left_leg","predicate":{"custom_model_data":100011}},{"model":"polydecorations:block/statue/light_blue_terracotta/head","predicate":{"custom_model_data":100012}},{"model":"polydecorations:block/statue/light_gray_terracotta/left_arm","predicate":{"custom_model_data":100013}},{"model":"polydecorations:block/statue/green_terracotta/left_leg","predicate":{"custom_model_data":100014}},{"model":"polydecorations:block/statue/acacia/head","predicate":{"custom_model_data":100015}},{"model":"polydecorations:block/statue/warped/left_arm","predicate":{"custom_model_data":100016}},{"model":"polyfactory:block/pipe/7","predicate":{"custom_model_data":100017}},{"model":"polyfactory:block/pipe/39","predicate":{"custom_model_data":100018}},{"model":"polyfactory:block/fluid/flat_scaled/6/minecraft/lava","predicate":{"custom_model_data":100019}},{"model":"polyfactory:block/fluid/portable_fluid_tank/h6/minecraft/lava","predicate":{"custom_model_data":100020}},{"model":"polyfactory:block/fluid/portable_fluid_tank/v8/minecraft/milk","predicate":{"custom_model_data":100021}},{"model":"polyfactory:block/fluid/flat_scaled/10/minecraft/experience","predicate":{"custom_model_data":100022}},{"model":"polyfactory:block/fluid/portable_fluid_tank/h10/minecraft/experience","predicate":{"custom_model_data":100023}},{"model":"polyfactory:block/fluid/portable_fluid_tank/v12/minecraft/snow","predicate":{"custom_model_data":100024}}]}