{"parent":"item/generated","textures":{"layer0":"item/feather"},"display":{"head":{"rotation":[0,0,45],"translation":[-1,13,7],"scale":[1,1,1]}},"overrides":[{"model":"computercraft:block/turtle_modem_normal_on_right","predicate":{"custom_model_data":100001}},{"model":"computercraft:block/computer_advanced_blinking","predicate":{"custom_model_data":100002}},{"model":"computercraft:block/printer_both_full","predicate":{"custom_model_data":100003}},{"model":"computercraft:block/monitor_normal_u","predicate":{"custom_model_data":100004}},{"model":"computercraft:block/monitor_advanced_rud","predicate":{"custom_model_data":100005}},{"model":"computercraft:block/wired_modem_off_peripheral","predicate":{"custom_model_data":100006}},{"model":"computercraft:item/monitor_advanced","predicate":{"custom_model_data":100007}},{"model":"polydecorations:block/oak_shelf_double","predicate":{"custom_model_data":100008}},{"model":"polydecorations:block/warped_shelf_top","predicate":{"custom_model_data":100009}},{"model":"polydecorations:item/birch_shelf","predicate":{"custom_model_data":100010}},{"model":"polydecorations:item/jungle_bench","predicate":{"custom_model_data":100011}},{"model":"polydecorations:item/warped_table","predicate":{"custom_model_data":100012}},{"model":"polydecorations:item/cherry_mailbox","predicate":{"custom_model_data":100013}},{"model":"polydecorations:item/crimson_sign_post","predicate":{"custom_model_data":100014}},{"model":"polydecorations:item/ghost_light","predicate":{"custom_model_data":100015}},{"model":"polydecorations:item/packed_mud_statue","predicate":{"custom_model_data":100016}},{"model":"polydecorations:item/blue_terracotta_statue","predicate":{"custom_model_data":100017}},{"model":"polyfactory:block/mechanical_drain","predicate":{"custom_model_data":100018}},{"model":"polyfactory:item/miner","predicate":{"custom_model_data":100019}},{"model":"polyfactory:item/steel_plate","predicate":{"custom_model_data":100020}},{"model":"polyfactory:item/item_counter","predicate":{"custom_model_data":100021}},{"model":"polyfactory:item/dynamite","predicate":{"custom_model_data":100022}},{"model":"polyfactory:item/redstone_valve_pipe","predicate":{"custom_model_data":100023}},{"model":"polyfactory:block/fluid_tank/negative_middle_negative","predicate":{"custom_model_data":100024}},{"model":"polyfactory:block/fluid_tank/middle_negative_single","predicate":{"custom_model_data":100025}},{"model":"polyfactory:block/fluid_tank/positive_negative_single","predicate":{"custom_model_data":100026}},{"model":"polyfactory:block/fluid_tank/single_negative_positive","predicate":{"custom_model_data":100027}},{"model":"polyfactory:item/rot_debug","predicate":{"custom_model_data":100028}},{"model":"polyfactory:block/data_memory_powered","predicate":{"custom_model_data":100029}}]}