{"parent":"minecraft:item/generated","textures":{"layer0":"minecraft:item/flint"},"overrides":[{"model":"computercraft:block/turtle_modem_advanced_on_right","predicate":{"custom_model_data":100001}},{"model":"computercraft:block/computer_command_off","predicate":{"custom_model_data":100002}},{"model":"computercraft:block/monitor_normal_lr","predicate":{"custom_model_data":100003}},{"model":"computercraft:block/monitor_advanced_ld","predicate":{"custom_model_data":100004}},{"model":"computercraft:block/wireless_modem_normal_on","predicate":{"custom_model_data":100005}},{"model":"computercraft:item/computer_normal","predicate":{"custom_model_data":100006}},{"model":"computercraft:item/cable","predicate":{"custom_model_data":100007}},{"model":"polydecorations:block/birch_shelf_double","predicate":{"custom_model_data":100008}},{"model":"polydecorations:block/bamboo_shelf_top","predicate":{"custom_model_data":100009}},{"model":"polydecorations:item/jungle_shelf","predicate":{"custom_model_data":100010}},{"model":"polydecorations:item/warped_bench","predicate":{"custom_model_data":100011}},{"model":"polydecorations:item/cherry_tool_rack","predicate":{"custom_model_data":100012}},{"model":"polydecorations:item/mangrove_mailbox","predicate":{"custom_model_data":100013}},{"model":"polydecorations:item/oak_statue","predicate":{"custom_model_data":100014}},{"model":"polydecorations:item/stone_statue","predicate":{"custom_model_data":100015}},{"model":"polydecorations:item/white_terracotta_statue","predicate":{"custom_model_data":100016}},{"model":"polydecorations:item/black_terracotta_statue","predicate":{"custom_model_data":100017}},{"model":"polyfactory:item/conveyor","predicate":{"custom_model_data":100018}},{"model":"polyfactory:item/turntable","predicate":{"custom_model_data":100019}},{"model":"polyfactory:item/lingering_throwable_glass_bottle","predicate":{"custom_model_data":100020}},{"model":"polyfactory:item/block_observer","predicate":{"custom_model_data":100021}},{"model":"polyfactory:item/experience_bucket","predicate":{"custom_model_data":100022}},{"model":"polyfactory:item/mechanical_drain","predicate":{"custom_model_data":100023}},{"model":"polyfactory:block/fluid_tank/negative_positive_negative","predicate":{"custom_model_data":100024}},{"model":"polyfactory:block/fluid_tank/middle_positive_negative","predicate":{"custom_model_data":100025}},{"model":"polyfactory:block/fluid_tank/positive_middle_single","predicate":{"custom_model_data":100026}},{"model":"polyfactory:block/fluid_tank/single_middle_positive","predicate":{"custom_model_data":100027}},{"model":"polyfactory:item/portable_fluid_tank/minecraft/honey","predicate":{"custom_model_data":100028}}]}