{"parent":"minecraft:item/generated","textures":{"layer0":"minecraft:item/ghast_tear"},"overrides":[{"model":"computercraft:block/computer_normal_off","predicate":{"custom_model_data":100001}},{"model":"computercraft:block/printer_top_full","predicate":{"custom_model_data":100002}},{"model":"computercraft:block/monitor_normal_ru","predicate":{"custom_model_data":100003}},{"model":"computercraft:block/monitor_advanced_rd","predicate":{"custom_model_data":100004}},{"model":"computercraft:block/cable_arm","predicate":{"custom_model_data":100005}},{"model":"computercraft:item/turtle_advanced","predicate":{"custom_model_data":100006}},{"model":"computercraft:item/printer","predicate":{"custom_model_data":100007}},{"model":"polydecorations:block/crimson_shelf_top","predicate":{"custom_model_data":100008}},{"model":"polydecorations:item/acacia_shelf","predicate":{"custom_model_data":100009}},{"model":"polydecorations:item/crimson_bench","predicate":{"custom_model_data":100010}},{"model":"polydecorations:item/oak_table","predicate":{"custom_model_data":100011}},{"model":"polydecorations:item/bamboo_mailbox","predicate":{"custom_model_data":100012}},{"model":"polydecorations:item/jungle_sign_post","predicate":{"custom_model_data":100013}},{"model":"polydecorations:item/mangrove_statue","predicate":{"custom_model_data":100014}},{"model":"polydecorations:item/granite_statue","predicate":{"custom_model_data":100015}},{"model":"polydecorations:item/cyan_terracotta_statue","predicate":{"custom_model_data":100016}},{"model":"polyfactory:block/steel_button","predicate":{"custom_model_data":100017}},{"model":"polyfactory:item/crafter","predicate":{"custom_model_data":100018}},{"model":"polyfactory:item/steel_alloy_mixture","predicate":{"custom_model_data":100019}},{"model":"polyfactory:item/tachometer","predicate":{"custom_model_data":100020}},{"model":"polyfactory:item/electric_generator","predicate":{"custom_model_data":100021}},{"model":"polyfactory:item/pipe","predicate":{"custom_model_data":100022}},{"model":"polyfactory:block/fluid_tank/negative_negative_positive","predicate":{"custom_model_data":100023}},{"model":"polyfactory:block/fluid_tank/middle_negative_middle","predicate":{"custom_model_data":100024}},{"model":"polyfactory:block/fluid_tank/positive_negative_middle","predicate":{"custom_model_data":100025}},{"model":"polyfactory:block/fluid_tank/single_negative_negative","predicate":{"custom_model_data":100026}},{"model":"polyfactory:block/fluid_tank/single_single_single","predicate":{"custom_model_data":100027}},{"model":"polyfactory:block/data_cube_connector_input_b","predicate":{"custom_model_data":100028}}]}