{"parent":"minecraft:block/green_wool","overrides":[{"model":"polydecorations:block/spruce_bench_norest_middle","predicate":{"custom_model_data":100001}},{"model":"polydecorations:block/dark_oak_bench_norest","predicate":{"custom_model_data":100002}},{"model":"polydecorations:block/oak_table","predicate":{"custom_model_data":100003}},{"model":"polydecorations:block/birch_table","predicate":{"custom_model_data":100004}},{"model":"polydecorations:block/cherry_table","predicate":{"custom_model_data":100005}},{"model":"polydecorations:block/dark_oak_table","predicate":{"custom_model_data":100006}},{"model":"polydecorations:block/warped_table","predicate":{"custom_model_data":100007}},{"model":"polydecorations:block/bamboo_table","predicate":{"custom_model_data":100008}},{"model":"polydecorations:block/statue/blackstone/left_leg","predicate":{"custom_model_data":100009}},{"model":"polydecorations:block/statue/diorite/head","predicate":{"custom_model_data":100010}},{"model":"polydecorations:block/statue/tuff_bricks/left_arm","predicate":{"custom_model_data":100011}},{"model":"polydecorations:block/statue/light_blue_terracotta/left_leg","predicate":{"custom_model_data":100012}},{"model":"polydecorations:block/statue/cyan_terracotta/head","predicate":{"custom_model_data":100013}},{"model":"polydecorations:block/statue/red_terracotta/left_arm","predicate":{"custom_model_data":100014}},{"model":"polydecorations:block/statue/acacia/left_leg","predicate":{"custom_model_data":100015}},{"model":"polydecorations:block/statue/mangrove/head","predicate":{"custom_model_data":100016}},{"model":"polyfactory:block/pipe/11","predicate":{"custom_model_data":100017}},{"model":"polyfactory:block/pipe/43","predicate":{"custom_model_data":100018}},{"model":"polyfactory:block/fluid/flat_scaled/10/minecraft/lava","predicate":{"custom_model_data":100019}},{"model":"polyfactory:block/fluid/portable_fluid_tank/h10/minecraft/lava","predicate":{"custom_model_data":100020}},{"model":"polyfactory:block/fluid/portable_fluid_tank/v12/minecraft/milk","predicate":{"custom_model_data":100021}},{"model":"polyfactory:block/fluid/flat_scaled/14/minecraft/experience","predicate":{"custom_model_data":100022}},{"model":"polyfactory:particle/fluid/particle/minecraft/snow","predicate":{"custom_model_data":100023}},{"model":"polyfactory:block/fluid/portable_fluid_tank/v16/minecraft/snow","predicate":{"custom_model_data":100024}}]}