{"parent":"minecraft:item/generated","textures":{"layer0":"minecraft:item/gunpowder"},"overrides":[{"model":"computercraft:block/turtle_elf_overlay","predicate":{"custom_model_data":100001}},{"model":"computercraft:block/disk_drive_invalid","predicate":{"custom_model_data":100002}},{"model":"computercraft:block/monitor_normal_r","predicate":{"custom_model_data":100003}},{"model":"computercraft:block/monitor_advanced","predicate":{"custom_model_data":100004}},{"model":"computercraft:block/cable_core_facing","predicate":{"custom_model_data":100005}},{"model":"computercraft:item/pocket_computer_advanced_blinking","predicate":{"custom_model_data":100006}},{"model":"computercraft:item/speaker","predicate":{"custom_model_data":100007}},{"model":"polydecorations:block/dark_oak_shelf_top","predicate":{"custom_model_data":100008}},{"model":"polydecorations:item/soul_brazier","predicate":{"custom_model_data":100009}},{"model":"polydecorations:item/birch_bench","predicate":{"custom_model_data":100010}},{"model":"polydecorations:item/jungle_table","predicate":{"custom_model_data":100011}},{"model":"polydecorations:item/warped_tool_rack","predicate":{"custom_model_data":100012}},{"model":"polydecorations:item/acacia_sign_post","predicate":{"custom_model_data":100013}},{"model":"polydecorations:item/crimson_statue","predicate":{"custom_model_data":100014}},{"model":"polydecorations:item/andesite_statue","predicate":{"custom_model_data":100015}},{"model":"polydecorations:item/gray_terracotta_statue","predicate":{"custom_model_data":100016}},{"model":"polydecorations:block/tiny_potato","predicate":{"custom_model_data":100017}},{"model":"polyfactory:item/grinder","predicate":{"custom_model_data":100018}},{"model":"polyfactory:item/ender_dust","predicate":{"custom_model_data":100019}},{"model":"polyfactory:item/creative_motor","predicate":{"custom_model_data":100020}},{"model":"polyfactory:item/steel_button","predicate":{"custom_model_data":100021}},{"model":"polyfactory:item/template_ball","predicate":{"custom_model_data":100022}},{"model":"polyfactory:block/fluid_tank/negative_negative_negative","predicate":{"custom_model_data":100023}},{"model":"polyfactory:block/fluid_tank/negative_single_single","predicate":{"custom_model_data":100024}},{"model":"polyfactory:block/fluid_tank/middle_single_single","predicate":{"custom_model_data":100025}},{"model":"polyfactory:block/fluid_tank/positive_single_positive","predicate":{"custom_model_data":100026}},{"model":"polyfactory:block/fluid_tank/single_single_middle","predicate":{"custom_model_data":100027}},{"model":"polyfactory:block/tiny_potato_spring","predicate":{"custom_model_data":100028}}]}