{"parent":"minecraft:item/generated","overrides":[{"model":"minecraft:item/leather_leggings_quartz_trim","predicate":{"trim_type":0.1}},{"model":"minecraft:item/leather_leggings_iron_trim","predicate":{"trim_type":0.2}},{"model":"minecraft:item/leather_leggings_netherite_trim","predicate":{"trim_type":0.3}},{"model":"minecraft:item/leather_leggings_redstone_trim","predicate":{"trim_type":0.4}},{"model":"minecraft:item/leather_leggings_copper_trim","predicate":{"trim_type":0.5}},{"model":"minecraft:item/leather_leggings_gold_trim","predicate":{"trim_type":0.6}},{"model":"minecraft:item/leather_leggings_emerald_trim","predicate":{"trim_type":0.7}},{"model":"minecraft:item/leather_leggings_diamond_trim","predicate":{"trim_type":0.8}},{"model":"minecraft:item/leather_leggings_lapis_trim","predicate":{"trim_type":0.9}},{"model":"minecraft:item/leather_leggings_amethyst_trim","predicate":{"trim_type":1.0}},{"model":"polyfactory:block/cable_colored/2","predicate":{"custom_model_data":100001}},{"model":"polyfactory:block/cable_colored/7","predicate":{"custom_model_data":100002}},{"model":"polyfactory:block/cable_colored/12","predicate":{"custom_model_data":100003}},{"model":"polyfactory:block/cable_colored/17","predicate":{"custom_model_data":100004}},{"model":"polyfactory:block/cable_colored/22","predicate":{"custom_model_data":100005}},{"model":"polyfactory:block/cable_colored/27","predicate":{"custom_model_data":100006}},{"model":"polyfactory:block/cable_colored/32","predicate":{"custom_model_data":100007}},{"model":"polyfactory:block/cable_colored/37","predicate":{"custom_model_data":100008}},{"model":"polyfactory:block/cable_colored/42","predicate":{"custom_model_data":100009}},{"model":"polyfactory:block/cable_colored/47","predicate":{"custom_model_data":100010}},{"model":"polyfactory:block/cable_colored/52","predicate":{"custom_model_data":100011}},{"model":"polyfactory:block/cable_colored/57","predicate":{"custom_model_data":100012}},{"model":"polyfactory:block/cable_colored/62","predicate":{"custom_model_data":100013}},{"model":"polyfactory:block/cable_colored_wall/3","predicate":{"custom_model_data":100014}},{"model":"polyfactory:block/cable_colored_wall/8","predicate":{"custom_model_data":100015}},{"model":"polyfactory:block/cable_colored_wall/13","predicate":{"custom_model_data":100016}},{"model":"polyfactory:block/cable_colored_wall/18","predicate":{"custom_model_data":100017}},{"model":"polyfactory:block/cable_colored_wall/23","predicate":{"custom_model_data":100018}},{"model":"polyfactory:block/cable_colored_wall/28","predicate":{"custom_model_data":100019}},{"model":"polyfactory:block/cable_colored_wall/33","predicate":{"custom_model_data":100020}},{"model":"polyfactory:block/cable_colored_wall/38","predicate":{"custom_model_data":100021}},{"model":"polyfactory:block/cable_colored_wall/43","predicate":{"custom_model_data":100022}},{"model":"polyfactory:block/cable_colored_wall/48","predicate":{"custom_model_data":100023}},{"model":"polyfactory:block/cable_colored_wall/53","predicate":{"custom_model_data":100024}},{"model":"polyfactory:block/cable_colored_wall/58","predicate":{"custom_model_data":100025}},{"model":"polyfactory:block/cable_colored_wall/63","predicate":{"custom_model_data":100026}},{"model":"polyfactory:block/fluid/flat_scaled/3/minecraft/water","predicate":{"custom_model_data":100027}},{"model":"polyfactory:block/fluid/flat_scaled/8/minecraft/water","predicate":{"custom_model_data":100028}},{"model":"polyfactory:block/fluid/flat_scaled/13/minecraft/water","predicate":{"custom_model_data":100029}},{"model":"polyfactory:block/fluid/portable_fluid_tank/v2/minecraft/water","predicate":{"custom_model_data":100030}},{"model":"polyfactory:block/fluid/portable_fluid_tank/v7/minecraft/water","predicate":{"custom_model_data":100031}},{"model":"polyfactory:block/fluid/portable_fluid_tank/v12/minecraft/water","predicate":{"custom_model_data":100032}},{"model":"polyfactory:block/fluid/portable_fluid_tank/h1/minecraft/water","predicate":{"custom_model_data":100033}},{"model":"polyfactory:block/fluid/portable_fluid_tank/h6/minecraft/water","predicate":{"custom_model_data":100034}},{"model":"polyfactory:block/fluid/portable_fluid_tank/h11/minecraft/water","predicate":{"custom_model_data":100035}},{"model":"polyfactory:block/fluid/flat_scaled/2/minecraft/potion","predicate":{"custom_model_data":100036}},{"model":"polyfactory:block/fluid/flat_scaled/7/minecraft/potion","predicate":{"custom_model_data":100037}},{"model":"polyfactory:block/fluid/flat_scaled/12/minecraft/potion","predicate":{"custom_model_data":100038}},{"model":"polyfactory:block/fluid/portable_fluid_tank/v1/minecraft/potion","predicate":{"custom_model_data":100039}},{"model":"polyfactory:block/fluid/portable_fluid_tank/v6/minecraft/potion","predicate":{"custom_model_data":100040}},{"model":"polyfactory:block/fluid/portable_fluid_tank/v11/minecraft/potion","predicate":{"custom_model_data":100041}},{"model":"polyfactory:block/fluid/portable_fluid_tank/v16/minecraft/potion","predicate":{"custom_model_data":100042}},{"model":"polyfactory:block/fluid/portable_fluid_tank/h5/minecraft/potion","predicate":{"custom_model_data":100043}},{"model":"polyfactory:block/fluid/portable_fluid_tank/h10/minecraft/potion","predicate":{"custom_model_data":100044}},{"model":"polyfactory:sgui/elements/numbers/flat/0","predicate":{"custom_model_data":100045}},{"model":"polyfactory:sgui/elements/numbers/flat/1","predicate":{"custom_model_data":100046}},{"model":"polyfactory:sgui/elements/numbers/flat/2","predicate":{"custom_model_data":100047}},{"model":"polyfactory:sgui/elements/numbers/flat/3","predicate":{"custom_model_data":100048}},{"model":"polyfactory:sgui/elements/numbers/flat/4","predicate":{"custom_model_data":100049}},{"model":"polyfactory:sgui/elements/numbers/flat/5","predicate":{"custom_model_data":100050}},{"model":"polyfactory:sgui/elements/numbers/flat/6","predicate":{"custom_model_data":100051}},{"model":"polyfactory:sgui/elements/numbers/flat/7","predicate":{"custom_model_data":100052}},{"model":"polyfactory:sgui/elements/numbers/flat/8","predicate":{"custom_model_data":100053}},{"model":"polyfactory:sgui/elements/numbers/flat/9","predicate":{"custom_model_data":100054}},{"model":"polyfactory:sgui/elements/numbers/shadow/0","predicate":{"custom_model_data":100055}},{"model":"polyfactory:sgui/elements/numbers/shadow/1","predicate":{"custom_model_data":100056}},{"model":"polyfactory:sgui/elements/numbers/shadow/2","predicate":{"custom_model_data":100057}},{"model":"polyfactory:sgui/elements/numbers/shadow/3","predicate":{"custom_model_data":100058}},{"model":"polyfactory:sgui/elements/numbers/shadow/4","predicate":{"custom_model_data":100059}},{"model":"polyfactory:sgui/elements/numbers/shadow/5","predicate":{"custom_model_data":100060}},{"model":"polyfactory:sgui/elements/numbers/shadow/6","predicate":{"custom_model_data":100061}},{"model":"polyfactory:sgui/elements/numbers/shadow/7","predicate":{"custom_model_data":100062}},{"model":"polyfactory:sgui/elements/numbers/shadow/8","predicate":{"custom_model_data":100063}},{"model":"polyfactory:sgui/elements/numbers/shadow/9","predicate":{"custom_model_data":100064}}],"textures":{"layer0":"minecraft:item/leather_leggings","layer1":"minecraft:item/leather_leggings_overlay"}}