{"parent":"minecraft:item/generated","textures":{"layer0":"minecraft:item/leather_horse_armor"},"overrides":[{"model":"polyfactory:block/windmill_sail","predicate":{"custom_model_data":100001}},{"model":"polyfactory:block/windmill_sail_flip","predicate":{"custom_model_data":100002}},{"model":"polyfactory:item/portable_redstone_transmitter","predicate":{"custom_model_data":100003}},{"model":"polyfactory:item/spray_can","predicate":{"custom_model_data":100004}},{"model":"polyfactory:block/cable_colored/4","predicate":{"custom_model_data":100005}},{"model":"polyfactory:block/cable_colored/9","predicate":{"custom_model_data":100006}},{"model":"polyfactory:block/cable_colored/14","predicate":{"custom_model_data":100007}},{"model":"polyfactory:block/cable_colored/19","predicate":{"custom_model_data":100008}},{"model":"polyfactory:block/cable_colored/24","predicate":{"custom_model_data":100009}},{"model":"polyfactory:block/cable_colored/29","predicate":{"custom_model_data":100010}},{"model":"polyfactory:block/cable_colored/34","predicate":{"custom_model_data":100011}},{"model":"polyfactory:block/cable_colored/39","predicate":{"custom_model_data":100012}},{"model":"polyfactory:block/cable_colored/44","predicate":{"custom_model_data":100013}},{"model":"polyfactory:block/cable_colored/49","predicate":{"custom_model_data":100014}},{"model":"polyfactory:block/cable_colored/54","predicate":{"custom_model_data":100015}},{"model":"polyfactory:block/cable_colored/59","predicate":{"custom_model_data":100016}},{"model":"polyfactory:block/cable_colored_wall/0","predicate":{"custom_model_data":100017}},{"model":"polyfactory:block/cable_colored_wall/5","predicate":{"custom_model_data":100018}},{"model":"polyfactory:block/cable_colored_wall/10","predicate":{"custom_model_data":100019}},{"model":"polyfactory:block/cable_colored_wall/15","predicate":{"custom_model_data":100020}},{"model":"polyfactory:block/cable_colored_wall/20","predicate":{"custom_model_data":100021}},{"model":"polyfactory:block/cable_colored_wall/25","predicate":{"custom_model_data":100022}},{"model":"polyfactory:block/cable_colored_wall/30","predicate":{"custom_model_data":100023}},{"model":"polyfactory:block/cable_colored_wall/35","predicate":{"custom_model_data":100024}},{"model":"polyfactory:block/cable_colored_wall/40","predicate":{"custom_model_data":100025}},{"model":"polyfactory:block/cable_colored_wall/45","predicate":{"custom_model_data":100026}},{"model":"polyfactory:block/cable_colored_wall/50","predicate":{"custom_model_data":100027}},{"model":"polyfactory:block/cable_colored_wall/55","predicate":{"custom_model_data":100028}},{"model":"polyfactory:block/cable_colored_wall/60","predicate":{"custom_model_data":100029}},{"model":"polyfactory:particle/fluid/particle/minecraft/water","predicate":{"custom_model_data":100030}},{"model":"polyfactory:block/fluid/flat_scaled/5/minecraft/water","predicate":{"custom_model_data":100031}},{"model":"polyfactory:block/fluid/flat_scaled/10/minecraft/water","predicate":{"custom_model_data":100032}},{"model":"polyfactory:block/fluid/flat_scaled/15/minecraft/water","predicate":{"custom_model_data":100033}},{"model":"polyfactory:block/fluid/portable_fluid_tank/v4/minecraft/water","predicate":{"custom_model_data":100034}},{"model":"polyfactory:block/fluid/portable_fluid_tank/v9/minecraft/water","predicate":{"custom_model_data":100035}},{"model":"polyfactory:block/fluid/portable_fluid_tank/v14/minecraft/water","predicate":{"custom_model_data":100036}},{"model":"polyfactory:block/fluid/portable_fluid_tank/h3/minecraft/water","predicate":{"custom_model_data":100037}},{"model":"polyfactory:block/fluid/portable_fluid_tank/h8/minecraft/water","predicate":{"custom_model_data":100038}},{"model":"polyfactory:block/fluid/flat_model/minecraft/potion","predicate":{"custom_model_data":100039}},{"model":"polyfactory:block/fluid/flat_scaled/4/minecraft/potion","predicate":{"custom_model_data":100040}},{"model":"polyfactory:block/fluid/flat_scaled/9/minecraft/potion","predicate":{"custom_model_data":100041}},{"model":"polyfactory:block/fluid/flat_scaled/14/minecraft/potion","predicate":{"custom_model_data":100042}},{"model":"polyfactory:block/fluid/portable_fluid_tank/v3/minecraft/potion","predicate":{"custom_model_data":100043}},{"model":"polyfactory:block/fluid/portable_fluid_tank/v8/minecraft/potion","predicate":{"custom_model_data":100044}},{"model":"polyfactory:block/fluid/portable_fluid_tank/v13/minecraft/potion","predicate":{"custom_model_data":100045}},{"model":"polyfactory:block/fluid/portable_fluid_tank/h2/minecraft/potion","predicate":{"custom_model_data":100046}},{"model":"polyfactory:block/fluid/portable_fluid_tank/h7/minecraft/potion","predicate":{"custom_model_data":100047}},{"model":"polyfactory:block/fluid/portable_fluid_tank/h12/minecraft/potion","predicate":{"custom_model_data":100048}}]}