{"parent":"minecraft:item/generated","textures":{"layer0":"minecraft:item/leather"},"overrides":[{"model":"computercraft:block/turtle_speaker_left","predicate":{"custom_model_data":100001}},{"model":"computercraft:block/turtle_advanced","predicate":{"custom_model_data":100002}},{"model":"computercraft:block/monitor_normal_lrud","predicate":{"custom_model_data":100003}},{"model":"computercraft:block/monitor_advanced_lru","predicate":{"custom_model_data":100004}},{"model":"computercraft:block/wired_modem_full_off","predicate":{"custom_model_data":100005}},{"model":"computercraft:item/pocket_computer_normal_on","predicate":{"custom_model_data":100006}},{"model":"computercraft:item/treasure_disk","predicate":{"custom_model_data":100007}},{"model":"polydecorations:block/cherry_shelf_top","predicate":{"custom_model_data":100008}},{"model":"polydecorations:item/mod_icon","predicate":{"custom_model_data":100009}},{"model":"polydecorations:item/spruce_shelf","predicate":{"custom_model_data":100010}},{"model":"polydecorations:item/birch_table","predicate":{"custom_model_data":100011}},{"model":"polydecorations:item/jungle_tool_rack","predicate":{"custom_model_data":100012}},{"model":"polydecorations:item/warped_mailbox","predicate":{"custom_model_data":100013}},{"model":"polydecorations:item/acacia_statue","predicate":{"custom_model_data":100014}},{"model":"polydecorations:item/prismarine_statue","predicate":{"custom_model_data":100015}},{"model":"polydecorations:item/light_blue_terracotta_statue","predicate":{"custom_model_data":100016}},{"model":"polydecorations:block/lantern_support_fence","predicate":{"custom_model_data":100017}},{"model":"polyfactory:item/splitter","predicate":{"custom_model_data":100018}},{"model":"polyfactory:item/wooden_container","predicate":{"custom_model_data":100019}},{"model":"polyfactory:item/generic_machine_part","predicate":{"custom_model_data":100020}},{"model":"polyfactory:item/nixie_tube_controller","predicate":{"custom_model_data":100021}},{"model":"polyfactory:item/honeyed_apple","predicate":{"custom_model_data":100022}},{"model":"polyfactory:item/steel_bucket","predicate":{"custom_model_data":100023}},{"model":"polyfactory:block/fluid_tank/negative_positive_single","predicate":{"custom_model_data":100024}},{"model":"polyfactory:block/fluid_tank/middle_positive_single","predicate":{"custom_model_data":100025}},{"model":"polyfactory:block/fluid_tank/positive_positive_positive","predicate":{"custom_model_data":100026}},{"model":"polyfactory:block/fluid_tank/single_positive_middle","predicate":{"custom_model_data":100027}},{"model":"polyfactory:block/axle_short","predicate":{"custom_model_data":100028}}]}