{"parent":"minecraft:block/light_blue_wool","overrides":[{"model":"polydecorations:block/oak_bench_norest","predicate":{"custom_model_data":100001}},{"model":"polydecorations:block/jungle_bench_left","predicate":{"custom_model_data":100002}},{"model":"polydecorations:block/mangrove_bench_norest_left","predicate":{"custom_model_data":100003}},{"model":"polydecorations:block/spruce_table_6","predicate":{"custom_model_data":100004}},{"model":"polydecorations:block/acacia_table_6","predicate":{"custom_model_data":100005}},{"model":"polydecorations:block/jungle_table_6","predicate":{"custom_model_data":100006}},{"model":"polydecorations:block/crimson_table_6","predicate":{"custom_model_data":100007}},{"model":"polydecorations:block/mangrove_table_6","predicate":{"custom_model_data":100008}},{"model":"polydecorations:block/statue/deepslate/head","predicate":{"custom_model_data":100009}},{"model":"polydecorations:block/statue/quartz/left_arm","predicate":{"custom_model_data":100010}},{"model":"polydecorations:block/statue/packed_mud/left_leg","predicate":{"custom_model_data":100011}},{"model":"polydecorations:block/statue/magenta_terracotta/head","predicate":{"custom_model_data":100012}},{"model":"polydecorations:block/statue/gray_terracotta/left_arm","predicate":{"custom_model_data":100013}},{"model":"polydecorations:block/statue/brown_terracotta/left_leg","predicate":{"custom_model_data":100014}},{"model":"polydecorations:block/statue/birch/head","predicate":{"custom_model_data":100015}},{"model":"polydecorations:block/statue/crimson/left_arm","predicate":{"custom_model_data":100016}},{"model":"polyfactory:block/pipe/1","predicate":{"custom_model_data":100017}},{"model":"polyfactory:block/pipe/33","predicate":{"custom_model_data":100018}},{"model":"polyfactory:particle/fluid/particle/minecraft/lava","predicate":{"custom_model_data":100019}},{"model":"polyfactory:block/fluid/portable_fluid_tank/v16/minecraft/lava","predicate":{"custom_model_data":100020}},{"model":"polyfactory:block/fluid/portable_fluid_tank/v2/minecraft/milk","predicate":{"custom_model_data":100021}},{"model":"polyfactory:block/fluid/flat_scaled/4/minecraft/experience","predicate":{"custom_model_data":100022}},{"model":"polyfactory:block/fluid/portable_fluid_tank/h4/minecraft/experience","predicate":{"custom_model_data":100023}},{"model":"polyfactory:block/fluid/portable_fluid_tank/v6/minecraft/snow","predicate":{"custom_model_data":100024}}]}