{"parent":"minecraft:item/generated","textures":{"layer0":"minecraft:item/nether_brick"},"overrides":[{"model":"computercraft:block/turtle_modem_advanced_on_left","predicate":{"custom_model_data":100001}},{"model":"computercraft:block/computer_command_blinking","predicate":{"custom_model_data":100002}},{"model":"computercraft:block/monitor_normal_ld","predicate":{"custom_model_data":100003}},{"model":"computercraft:block/monitor_advanced_l","predicate":{"custom_model_data":100004}},{"model":"computercraft:block/wireless_modem_normal_off","predicate":{"custom_model_data":100005}},{"model":"block/lectern","predicate":{"custom_model_data":100006}},{"model":"computercraft:item/wired_modem_full","predicate":{"custom_model_data":100007}},{"model":"polydecorations:block/birch_shelf_top","predicate":{"custom_model_data":100008}},{"model":"polydecorations:block/mangrove_shelf_double","predicate":{"custom_model_data":100009}},{"model":"polydecorations:item/dark_oak_shelf","predicate":{"custom_model_data":100010}},{"model":"polydecorations:item/spruce_bench","predicate":{"custom_model_data":100011}},{"model":"polydecorations:item/birch_tool_rack","predicate":{"custom_model_data":100012}},{"model":"polydecorations:item/jungle_mailbox","predicate":{"custom_model_data":100013}},{"model":"polydecorations:item/bamboo_sign_post","predicate":{"custom_model_data":100014}},{"model":"polydecorations:item/canvas","predicate":{"custom_model_data":100015}},{"model":"polydecorations:item/terracotta_statue","predicate":{"custom_model_data":100016}},{"model":"polydecorations:item/red_terracotta_statue","predicate":{"custom_model_data":100017}},{"model":"polyfactory:item/wrench","predicate":{"custom_model_data":100018}},{"model":"polyfactory:item/axle","predicate":{"custom_model_data":100019}},{"model":"polyfactory:item/throwable_glass_bottle","predicate":{"custom_model_data":100020}},{"model":"polyfactory:item/item_reader","predicate":{"custom_model_data":100021}},{"model":"polyfactory:item/tiny_potato_spring","predicate":{"custom_model_data":100022}},{"model":"polyfactory:item/drain","predicate":{"custom_model_data":100023}},{"model":"polyfactory:block/fluid_tank/negative_middle_single","predicate":{"custom_model_data":100024}},{"model":"polyfactory:block/fluid_tank/middle_middle_single","predicate":{"custom_model_data":100025}},{"model":"polyfactory:block/fluid_tank/positive_middle_positive","predicate":{"custom_model_data":100026}},{"model":"polyfactory:block/fluid_tank/single_middle_middle","predicate":{"custom_model_data":100027}},{"model":"polyfactory:item/portable_fluid_tank/minecraft/experience","predicate":{"custom_model_data":100028}},{"model":"computercraft:block/turtle_trans_overlay","predicate":{"custom_model_data":100029}}]}