{"parent":"minecraft:block/orange_terracotta","overrides":[{"model":"polydecorations:block/birch_bench_norest","predicate":{"custom_model_data":100001}},{"model":"polydecorations:block/crimson_bench_left","predicate":{"custom_model_data":100002}},{"model":"polydecorations:block/oak_table_4","predicate":{"custom_model_data":100003}},{"model":"polydecorations:block/birch_table_4","predicate":{"custom_model_data":100004}},{"model":"polydecorations:block/cherry_table_4","predicate":{"custom_model_data":100005}},{"model":"polydecorations:block/dark_oak_table_4","predicate":{"custom_model_data":100006}},{"model":"polydecorations:block/warped_table_4","predicate":{"custom_model_data":100007}},{"model":"polydecorations:block/bamboo_table_4","predicate":{"custom_model_data":100008}},{"model":"polydecorations:block/statue/prismarine/left_arm","predicate":{"custom_model_data":100009}},{"model":"polydecorations:block/statue/diorite/left_leg","predicate":{"custom_model_data":100010}},{"model":"polydecorations:block/statue/terracotta/head","predicate":{"custom_model_data":100011}},{"model":"polydecorations:block/statue/yellow_terracotta/left_arm","predicate":{"custom_model_data":100012}},{"model":"polydecorations:block/statue/cyan_terracotta/left_leg","predicate":{"custom_model_data":100013}},{"model":"polydecorations:block/statue/black_terracotta/head","predicate":{"custom_model_data":100014}},{"model":"polydecorations:block/statue/cherry/left_arm","predicate":{"custom_model_data":100015}},{"model":"polydecorations:block/statue/mangrove/left_leg","predicate":{"custom_model_data":100016}},{"model":"polyfactory:block/pipe/15","predicate":{"custom_model_data":100017}},{"model":"polyfactory:block/pipe/47","predicate":{"custom_model_data":100018}},{"model":"polyfactory:block/fluid/flat_scaled/14/minecraft/lava","predicate":{"custom_model_data":100019}},{"model":"polyfactory:particle/fluid/particle/minecraft/milk","predicate":{"custom_model_data":100020}},{"model":"polyfactory:block/fluid/portable_fluid_tank/v16/minecraft/milk","predicate":{"custom_model_data":100021}},{"model":"polyfactory:block/fluid/portable_fluid_tank/v2/minecraft/experience","predicate":{"custom_model_data":100022}},{"model":"polyfactory:block/fluid/flat_scaled/4/minecraft/snow","predicate":{"custom_model_data":100023}},{"model":"polyfactory:block/fluid/portable_fluid_tank/h4/minecraft/snow","predicate":{"custom_model_data":100024}},{"model":"polyfactory:block/gen/sticky_conveyor_down_1","predicate":{"custom_model_data":100025}},{"model":"polyfactory:block/gen/conveyor_up_7","predicate":{"custom_model_data":100026}},{"model":"polyfactory:block/gen/sticky_conveyor_12","predicate":{"custom_model_data":100027}},{"model":"polyfactory:block/gen/sticky_conveyor_down_1/1","predicate":{"custom_model_data":100028}},{"model":"polyfactory:block/gen/conveyor_up_7/1","predicate":{"custom_model_data":100029}},{"model":"polyfactory:block/gen/sticky_conveyor_12/1","predicate":{"custom_model_data":100030}},{"model":"polyfactory:block/gen/sticky_conveyor_down_1/2","predicate":{"custom_model_data":100031}},{"model":"polyfactory:block/gen/conveyor_up_7/2","predicate":{"custom_model_data":100032}},{"model":"polyfactory:block/gen/sticky_conveyor_12/2","predicate":{"custom_model_data":100033}},{"model":"polyfactory:block/gen/sticky_conveyor_down_1/3","predicate":{"custom_model_data":100034}},{"model":"polyfactory:block/gen/conveyor_up_7/3","predicate":{"custom_model_data":100035}},{"model":"polyfactory:block/gen/sticky_conveyor_12/3","predicate":{"custom_model_data":100036}},{"model":"polyfactory:block/gen/sticky_conveyor_down_1/4","predicate":{"custom_model_data":100037}},{"model":"polyfactory:block/gen/conveyor_up_7/4","predicate":{"custom_model_data":100038}},{"model":"polyfactory:block/gen/sticky_conveyor_12/4","predicate":{"custom_model_data":100039}},{"model":"polyfactory:block/gen/sticky_conveyor_down_1/5","predicate":{"custom_model_data":100040}},{"model":"polyfactory:block/gen/conveyor_up_7/5","predicate":{"custom_model_data":100041}},{"model":"polyfactory:block/gen/sticky_conveyor_12/5","predicate":{"custom_model_data":100042}},{"model":"polyfactory:block/gen/sticky_conveyor_down_1/6","predicate":{"custom_model_data":100043}},{"model":"polyfactory:block/gen/conveyor_up_7/6","predicate":{"custom_model_data":100044}},{"model":"polyfactory:block/gen/sticky_conveyor_12/6","predicate":{"custom_model_data":100045}},{"model":"polyfactory:block/gen/sticky_conveyor_down_1/7","predicate":{"custom_model_data":100046}},{"model":"polyfactory:block/gen/conveyor_up_7/7","predicate":{"custom_model_data":100047}},{"model":"polyfactory:block/gen/sticky_conveyor_12/7","predicate":{"custom_model_data":100048}},{"model":"polyfactory:block/gen/sticky_conveyor_down_1/8","predicate":{"custom_model_data":100049}},{"model":"polyfactory:block/gen/conveyor_up_7/8","predicate":{"custom_model_data":100050}},{"model":"polyfactory:block/gen/sticky_conveyor_12/8","predicate":{"custom_model_data":100051}},{"model":"polyfactory:block/gen/sticky_conveyor_down_1/9","predicate":{"custom_model_data":100052}},{"model":"polyfactory:block/gen/conveyor_up_7/9","predicate":{"custom_model_data":100053}},{"model":"polyfactory:block/gen/sticky_conveyor_12/9","predicate":{"custom_model_data":100054}},{"model":"polyfactory:block/gen/sticky_conveyor_down_1/10","predicate":{"custom_model_data":100055}},{"model":"polyfactory:block/gen/conveyor_up_7/10","predicate":{"custom_model_data":100056}},{"model":"polyfactory:block/gen/sticky_conveyor_12/10","predicate":{"custom_model_data":100057}},{"model":"polyfactory:block/gen/sticky_conveyor_down_1/11","predicate":{"custom_model_data":100058}},{"model":"polyfactory:block/gen/conveyor_up_7/11","predicate":{"custom_model_data":100059}},{"model":"polyfactory:block/gen/sticky_conveyor_12/11","predicate":{"custom_model_data":100060}},{"model":"polyfactory:block/gen/sticky_conveyor_down_1/12","predicate":{"custom_model_data":100061}},{"model":"polyfactory:block/gen/conveyor_up_7/12","predicate":{"custom_model_data":100062}},{"model":"polyfactory:block/gen/sticky_conveyor_12/12","predicate":{"custom_model_data":100063}},{"model":"polyfactory:block/gen/sticky_conveyor_down_1/13","predicate":{"custom_model_data":100064}},{"model":"polyfactory:block/gen/conveyor_up_7/13","predicate":{"custom_model_data":100065}},{"model":"polyfactory:block/gen/sticky_conveyor_12/13","predicate":{"custom_model_data":100066}},{"model":"polyfactory:block/gen/sticky_conveyor_down_1/14","predicate":{"custom_model_data":100067}},{"model":"polyfactory:block/gen/conveyor_up_7/14","predicate":{"custom_model_data":100068}},{"model":"polyfactory:block/gen/sticky_conveyor_12/14","predicate":{"custom_model_data":100069}},{"model":"polyfactory:block/gen/sticky_conveyor_down_1/15","predicate":{"custom_model_data":100070}},{"model":"polyfactory:block/gen/conveyor_up_7/15","predicate":{"custom_model_data":100071}},{"model":"polyfactory:block/gen/sticky_conveyor_12/15","predicate":{"custom_model_data":100072}},{"model":"polyfactory:block/gen/sticky_conveyor_down_1/16","predicate":{"custom_model_data":100073}},{"model":"polyfactory:block/gen/conveyor_up_7/16","predicate":{"custom_model_data":100074}},{"model":"polyfactory:block/gen/sticky_conveyor_12/16","predicate":{"custom_model_data":100075}},{"model":"polyfactory:block/gen/sticky_conveyor_down_1/17","predicate":{"custom_model_data":100076}},{"model":"polyfactory:block/gen/conveyor_up_7/17","predicate":{"custom_model_data":100077}},{"model":"polyfactory:block/gen/sticky_conveyor_12/17","predicate":{"custom_model_data":100078}},{"model":"polyfactory:block/gen/sticky_conveyor_down_1/18","predicate":{"custom_model_data":100079}},{"model":"polyfactory:block/gen/conveyor_up_7/18","predicate":{"custom_model_data":100080}},{"model":"polyfactory:block/gen/sticky_conveyor_12/18","predicate":{"custom_model_data":100081}},{"model":"polyfactory:block/gen/sticky_conveyor_down_1/19","predicate":{"custom_model_data":100082}},{"model":"polyfactory:block/gen/conveyor_up_7/19","predicate":{"custom_model_data":100083}},{"model":"polyfactory:block/gen/sticky_conveyor_12/19","predicate":{"custom_model_data":100084}},{"model":"polyfactory:block/gen/sticky_conveyor_down_1/20","predicate":{"custom_model_data":100085}},{"model":"polyfactory:block/gen/conveyor_up_7/20","predicate":{"custom_model_data":100086}},{"model":"polyfactory:block/gen/sticky_conveyor_12/20","predicate":{"custom_model_data":100087}}]}