{"parent":"minecraft:item/generated","textures":{"layer0":"minecraft:item/paper"},"overrides":[{"model":"computercraft:block/turtle_modem_normal_on_left","predicate":{"custom_model_data":100001}},{"model":"computercraft:block/computer_normal_on","predicate":{"custom_model_data":100002}},{"model":"computercraft:block/printer_bottom_full","predicate":{"custom_model_data":100003}},{"model":"computercraft:block/monitor_normal_rud","predicate":{"custom_model_data":100004}},{"model":"computercraft:block/monitor_advanced_ru","predicate":{"custom_model_data":100005}},{"model":"computercraft:block/wired_modem_off","predicate":{"custom_model_data":100006}},{"model":"computercraft:item/monitor_normal","predicate":{"custom_model_data":100007}},{"model":"polydecorations:block/oak_shelf_top","predicate":{"custom_model_data":100008}},{"model":"polydecorations:block/crimson_shelf_double","predicate":{"custom_model_data":100009}},{"model":"polydecorations:item/bamboo_shelf","predicate":{"custom_model_data":100010}},{"model":"polydecorations:item/dark_oak_bench","predicate":{"custom_model_data":100011}},{"model":"polydecorations:item/spruce_table","predicate":{"custom_model_data":100012}},{"model":"polydecorations:item/birch_mailbox","predicate":{"custom_model_data":100013}},{"model":"polydecorations:item/dark_oak_sign_post","predicate":{"custom_model_data":100014}},{"model":"polydecorations:item/bamboo_statue","predicate":{"custom_model_data":100015}},{"model":"polydecorations:item/tuff_statue","predicate":{"custom_model_data":100016}},{"model":"polydecorations:item/purple_terracotta_statue","predicate":{"custom_model_data":100017}},{"model":"polyfactory:block/steel_button_pressed","predicate":{"custom_model_data":100018}},{"model":"polyfactory:item/mixer","predicate":{"custom_model_data":100019}},{"model":"polyfactory:item/steel_ingot","predicate":{"custom_model_data":100020}},{"model":"polyfactory:item/item_filter","predicate":{"custom_model_data":100021}},{"model":"polyfactory:item/stressometer","predicate":{"custom_model_data":100022}},{"model":"polyfactory:item/workbench","predicate":{"custom_model_data":100023}},{"model":"polyfactory:item/filtered_pipe","predicate":{"custom_model_data":100024}},{"model":"polyfactory:block/fluid_tank/negative_negative_single","predicate":{"custom_model_data":100025}},{"model":"polyfactory:block/fluid_tank/middle_negative_positive","predicate":{"custom_model_data":100026}},{"model":"polyfactory:block/fluid_tank/positive_negative_positive","predicate":{"custom_model_data":100027}},{"model":"polyfactory:block/fluid_tank/single_negative_middle","predicate":{"custom_model_data":100028}},{"model":"polyfactory:item/pressure_fluid_gun","predicate":{"custom_model_data":100029}},{"model":"polyfactory:item/pressure_fluid_gun_active","predicate":{"custom_model_data":100030}},{"model":"polyfactory:block/data_cube_connector_output","predicate":{"custom_model_data":100031}}]}