{"parent":"minecraft:item/generated","textures":{"layer0":"minecraft:item/phantom_membrane"},"overrides":[{"model":"computercraft:block/turtle_crafting_table_right","predicate":{"custom_model_data":100001}},{"model":"computercraft:block/disk_drive_full","predicate":{"custom_model_data":100002}},{"model":"computercraft:block/monitor_normal","predicate":{"custom_model_data":100003}},{"model":"computercraft:block/monitor_advanced_lud","predicate":{"custom_model_data":100004}},{"model":"computercraft:block/wired_modem_full_on_peripheral","predicate":{"custom_model_data":100005}},{"model":"computercraft:item/pocket_computer_advanced_on","predicate":{"custom_model_data":100006}},{"model":"computercraft:item/printed_book","predicate":{"custom_model_data":100007}},{"model":"polydecorations:block/jungle_shelf_double","predicate":{"custom_model_data":100008}},{"model":"polydecorations:item/brazier","predicate":{"custom_model_data":100009}},{"model":"polydecorations:item/bamboo_bench","predicate":{"custom_model_data":100010}},{"model":"polydecorations:item/dark_oak_table","predicate":{"custom_model_data":100011}},{"model":"polydecorations:item/spruce_tool_rack","predicate":{"custom_model_data":100012}},{"model":"polydecorations:item/birch_sign_post","predicate":{"custom_model_data":100013}},{"model":"polydecorations:item/dark_oak_statue","predicate":{"custom_model_data":100014}},{"model":"polydecorations:item/quartz_statue","predicate":{"custom_model_data":100015}},{"model":"polydecorations:item/pink_terracotta_statue","predicate":{"custom_model_data":100016}},{"model":"polydecorations:block/globe_earth","predicate":{"custom_model_data":100017}},{"model":"polyfactory:item/steam_engine","predicate":{"custom_model_data":100018}},{"model":"polyfactory:item/netherrack_dust","predicate":{"custom_model_data":100019}},{"model":"polyfactory:item/redstone_chip","predicate":{"custom_model_data":100020}},{"model":"polyfactory:item/wireless_redstone_transmitter","predicate":{"custom_model_data":100021}},{"model":"polyfactory:item/crushed_raw_gold","predicate":{"custom_model_data":100022}},{"model":"polyfactory:item/placeholder","predicate":{"custom_model_data":100023}},{"model":"polyfactory:block/fluid_tank/negative_single_positive","predicate":{"custom_model_data":100024}},{"model":"polyfactory:block/fluid_tank/middle_single_positive","predicate":{"custom_model_data":100025}},{"model":"polyfactory:block/fluid_tank/positive_single_middle","predicate":{"custom_model_data":100026}},{"model":"polyfactory:block/fluid_tank/single_single_negative","predicate":{"custom_model_data":100027}},{"model":"polyfactory:block/tiny_potato_spring_base","predicate":{"custom_model_data":100028}}]}