{"parent":"minecraft:block/pink_wool","overrides":[{"model":"polydecorations:block/oak_bench_norest_middle","predicate":{"custom_model_data":100001}},{"model":"polydecorations:block/jungle_bench_norest","predicate":{"custom_model_data":100002}},{"model":"polydecorations:block/bamboo_bench_left","predicate":{"custom_model_data":100003}},{"model":"polydecorations:block/spruce_table_9","predicate":{"custom_model_data":100004}},{"model":"polydecorations:block/acacia_table_9","predicate":{"custom_model_data":100005}},{"model":"polydecorations:block/jungle_table_9","predicate":{"custom_model_data":100006}},{"model":"polydecorations:block/crimson_table_9","predicate":{"custom_model_data":100007}},{"model":"polydecorations:block/mangrove_table_9","predicate":{"custom_model_data":100008}},{"model":"polydecorations:block/statue/deepslate/right_arm","predicate":{"custom_model_data":100009}},{"model":"polydecorations:block/statue/quartz/right_leg","predicate":{"custom_model_data":100010}},{"model":"polydecorations:block/statue/stone_bricks/body","predicate":{"custom_model_data":100011}},{"model":"polydecorations:block/statue/magenta_terracotta/right_arm","predicate":{"custom_model_data":100012}},{"model":"polydecorations:block/statue/gray_terracotta/right_leg","predicate":{"custom_model_data":100013}},{"model":"polydecorations:block/statue/green_terracotta/body","predicate":{"custom_model_data":100014}},{"model":"polydecorations:block/statue/birch/right_arm","predicate":{"custom_model_data":100015}},{"model":"polydecorations:block/statue/crimson/right_leg","predicate":{"custom_model_data":100016}},{"model":"polyfactory:block/pipe/4","predicate":{"custom_model_data":100017}},{"model":"polyfactory:block/pipe/36","predicate":{"custom_model_data":100018}},{"model":"polyfactory:block/fluid/flat_scaled/3/minecraft/lava","predicate":{"custom_model_data":100019}},{"model":"polyfactory:block/fluid/portable_fluid_tank/h3/minecraft/lava","predicate":{"custom_model_data":100020}},{"model":"polyfactory:block/fluid/portable_fluid_tank/v5/minecraft/milk","predicate":{"custom_model_data":100021}},{"model":"polyfactory:block/fluid/flat_scaled/7/minecraft/experience","predicate":{"custom_model_data":100022}},{"model":"polyfactory:block/fluid/portable_fluid_tank/h7/minecraft/experience","predicate":{"custom_model_data":100023}},{"model":"polyfactory:block/fluid/portable_fluid_tank/v9/minecraft/snow","predicate":{"custom_model_data":100024}}]}