{"parent":"minecraft:item/generated","textures":{"layer0":"minecraft:item/popped_chorus_fruit"},"overrides":[{"model":"computercraft:block/turtle_modem_normal_off_left","predicate":{"custom_model_data":100001}},{"model":"computercraft:block/computer_advanced_off","predicate":{"custom_model_data":100002}},{"model":"computercraft:block/monitor_normal_d","predicate":{"custom_model_data":100003}},{"model":"computercraft:block/monitor_normal_ud","predicate":{"custom_model_data":100004}},{"model":"computercraft:block/monitor_advanced_u","predicate":{"custom_model_data":100005}},{"model":"computercraft:block/wired_modem_on","predicate":{"custom_model_data":100006}},{"model":"computercraft:item/wireless_modem_normal","predicate":{"custom_model_data":100007}},{"model":"polydecorations:block/spruce_shelf_top","predicate":{"custom_model_data":100008}},{"model":"polydecorations:block/warped_shelf_double","predicate":{"custom_model_data":100009}},{"model":"polydecorations:item/cherry_shelf","predicate":{"custom_model_data":100010}},{"model":"polydecorations:item/mangrove_bench","predicate":{"custom_model_data":100011}},{"model":"polydecorations:item/acacia_tool_rack","predicate":{"custom_model_data":100012}},{"model":"polydecorations:item/crimson_mailbox","predicate":{"custom_model_data":100013}},{"model":"polydecorations:item/warped_sign_post","predicate":{"custom_model_data":100014}},{"model":"polydecorations:item/display_case","predicate":{"custom_model_data":100015}},{"model":"polydecorations:item/stone_bricks_statue","predicate":{"custom_model_data":100016}},{"model":"polydecorations:item/brown_terracotta_statue","predicate":{"custom_model_data":100017}},{"model":"polyfactory:block/mechanical_drain_axle","predicate":{"custom_model_data":100018}},{"model":"polyfactory:item/placer","predicate":{"custom_model_data":100019}},{"model":"polyfactory:item/copper_plate","predicate":{"custom_model_data":100020}},{"model":"polyfactory:item/redstone_input","predicate":{"custom_model_data":100021}},{"model":"polyfactory:item/sticky_dynamite","predicate":{"custom_model_data":100022}},{"model":"polyfactory:item/pump","predicate":{"custom_model_data":100023}},{"model":"polyfactory:block/fluid_tank/negative_middle_middle","predicate":{"custom_model_data":100024}},{"model":"polyfactory:block/fluid_tank/middle_middle_negative","predicate":{"custom_model_data":100025}},{"model":"polyfactory:block/fluid_tank/positive_middle_negative","predicate":{"custom_model_data":100026}},{"model":"polyfactory:block/fluid_tank/single_negative_single","predicate":{"custom_model_data":100027}},{"model":"polyfactory:item/portable_fluid_tank/minecraft/lava","predicate":{"custom_model_data":100028}},{"model":"polyfactory:block/pump","predicate":{"custom_model_data":100029}}]}