{"parent":"minecraft:block/purple_terracotta","overrides":[{"model":"polydecorations:block/acacia_bench_norest_right","predicate":{"custom_model_data":100001}},{"model":"polydecorations:block/warped_bench_middle","predicate":{"custom_model_data":100002}},{"model":"polydecorations:block/oak_table_13","predicate":{"custom_model_data":100003}},{"model":"polydecorations:block/birch_table_13","predicate":{"custom_model_data":100004}},{"model":"polydecorations:block/cherry_table_13","predicate":{"custom_model_data":100005}},{"model":"polydecorations:block/dark_oak_table_13","predicate":{"custom_model_data":100006}},{"model":"polydecorations:block/warped_table_13","predicate":{"custom_model_data":100007}},{"model":"polydecorations:block/bamboo_table_13","predicate":{"custom_model_data":100008}},{"model":"polydecorations:block/statue/sandstone/right_leg","predicate":{"custom_model_data":100009}},{"model":"polydecorations:block/statue/tuff/body","predicate":{"custom_model_data":100010}},{"model":"polydecorations:block/statue/white_terracotta/right_arm","predicate":{"custom_model_data":100011}},{"model":"polydecorations:block/statue/lime_terracotta/right_leg","predicate":{"custom_model_data":100012}},{"model":"polydecorations:block/statue/blue_terracotta/body","predicate":{"custom_model_data":100013}},{"model":"polydecorations:block/statue/oak/right_arm","predicate":{"custom_model_data":100014}},{"model":"polydecorations:block/statue/jungle/right_leg","predicate":{"custom_model_data":100015}},{"model":"polyfactory:block/funnel_out","predicate":{"custom_model_data":100016}},{"model":"polyfactory:block/pipe/24","predicate":{"custom_model_data":100017}},{"model":"polyfactory:block/pipe/56","predicate":{"custom_model_data":100018}},{"model":"polyfactory:block/fluid/portable_fluid_tank/v7/minecraft/lava","predicate":{"custom_model_data":100019}},{"model":"polyfactory:block/fluid/flat_scaled/9/minecraft/milk","predicate":{"custom_model_data":100020}},{"model":"polyfactory:block/fluid/portable_fluid_tank/h9/minecraft/milk","predicate":{"custom_model_data":100021}},{"model":"polyfactory:block/fluid/portable_fluid_tank/v11/minecraft/experience","predicate":{"custom_model_data":100022}},{"model":"polyfactory:block/fluid/flat_scaled/13/minecraft/snow","predicate":{"custom_model_data":100023}},{"model":"polyfactory:block/gen/conveyor_down_3","predicate":{"custom_model_data":100024}},{"model":"polyfactory:block/gen/sticky_conveyor_up_8","predicate":{"custom_model_data":100025}},{"model":"polyfactory:block/gen/conveyor_14","predicate":{"custom_model_data":100026}},{"model":"polyfactory:block/gen/conveyor_down_3/1","predicate":{"custom_model_data":100027}},{"model":"polyfactory:block/gen/sticky_conveyor_up_8/1","predicate":{"custom_model_data":100028}},{"model":"polyfactory:block/gen/conveyor_14/1","predicate":{"custom_model_data":100029}},{"model":"polyfactory:block/gen/conveyor_down_3/2","predicate":{"custom_model_data":100030}},{"model":"polyfactory:block/gen/sticky_conveyor_up_8/2","predicate":{"custom_model_data":100031}},{"model":"polyfactory:block/gen/conveyor_14/2","predicate":{"custom_model_data":100032}},{"model":"polyfactory:block/gen/conveyor_down_3/3","predicate":{"custom_model_data":100033}},{"model":"polyfactory:block/gen/sticky_conveyor_up_8/3","predicate":{"custom_model_data":100034}},{"model":"polyfactory:block/gen/conveyor_14/3","predicate":{"custom_model_data":100035}},{"model":"polyfactory:block/gen/conveyor_down_3/4","predicate":{"custom_model_data":100036}},{"model":"polyfactory:block/gen/sticky_conveyor_up_8/4","predicate":{"custom_model_data":100037}},{"model":"polyfactory:block/gen/conveyor_14/4","predicate":{"custom_model_data":100038}},{"model":"polyfactory:block/gen/conveyor_down_3/5","predicate":{"custom_model_data":100039}},{"model":"polyfactory:block/gen/sticky_conveyor_up_8/5","predicate":{"custom_model_data":100040}},{"model":"polyfactory:block/gen/conveyor_14/5","predicate":{"custom_model_data":100041}},{"model":"polyfactory:block/gen/conveyor_down_3/6","predicate":{"custom_model_data":100042}},{"model":"polyfactory:block/gen/sticky_conveyor_up_8/6","predicate":{"custom_model_data":100043}},{"model":"polyfactory:block/gen/conveyor_14/6","predicate":{"custom_model_data":100044}},{"model":"polyfactory:block/gen/conveyor_down_3/7","predicate":{"custom_model_data":100045}},{"model":"polyfactory:block/gen/sticky_conveyor_up_8/7","predicate":{"custom_model_data":100046}},{"model":"polyfactory:block/gen/conveyor_14/7","predicate":{"custom_model_data":100047}},{"model":"polyfactory:block/gen/conveyor_down_3/8","predicate":{"custom_model_data":100048}},{"model":"polyfactory:block/gen/sticky_conveyor_up_8/8","predicate":{"custom_model_data":100049}},{"model":"polyfactory:block/gen/conveyor_14/8","predicate":{"custom_model_data":100050}},{"model":"polyfactory:block/gen/conveyor_down_3/9","predicate":{"custom_model_data":100051}},{"model":"polyfactory:block/gen/sticky_conveyor_up_8/9","predicate":{"custom_model_data":100052}},{"model":"polyfactory:block/gen/conveyor_14/9","predicate":{"custom_model_data":100053}},{"model":"polyfactory:block/gen/conveyor_down_3/10","predicate":{"custom_model_data":100054}},{"model":"polyfactory:block/gen/sticky_conveyor_up_8/10","predicate":{"custom_model_data":100055}},{"model":"polyfactory:block/gen/conveyor_14/10","predicate":{"custom_model_data":100056}},{"model":"polyfactory:block/gen/conveyor_down_3/11","predicate":{"custom_model_data":100057}},{"model":"polyfactory:block/gen/sticky_conveyor_up_8/11","predicate":{"custom_model_data":100058}},{"model":"polyfactory:block/gen/conveyor_14/11","predicate":{"custom_model_data":100059}},{"model":"polyfactory:block/gen/conveyor_down_3/12","predicate":{"custom_model_data":100060}},{"model":"polyfactory:block/gen/sticky_conveyor_up_8/12","predicate":{"custom_model_data":100061}},{"model":"polyfactory:block/gen/conveyor_14/12","predicate":{"custom_model_data":100062}},{"model":"polyfactory:block/gen/conveyor_down_3/13","predicate":{"custom_model_data":100063}},{"model":"polyfactory:block/gen/sticky_conveyor_up_8/13","predicate":{"custom_model_data":100064}},{"model":"polyfactory:block/gen/conveyor_14/13","predicate":{"custom_model_data":100065}},{"model":"polyfactory:block/gen/conveyor_down_3/14","predicate":{"custom_model_data":100066}},{"model":"polyfactory:block/gen/sticky_conveyor_up_8/14","predicate":{"custom_model_data":100067}},{"model":"polyfactory:block/gen/conveyor_14/14","predicate":{"custom_model_data":100068}},{"model":"polyfactory:block/gen/conveyor_down_3/15","predicate":{"custom_model_data":100069}},{"model":"polyfactory:block/gen/sticky_conveyor_up_8/15","predicate":{"custom_model_data":100070}},{"model":"polyfactory:block/gen/conveyor_14/15","predicate":{"custom_model_data":100071}},{"model":"polyfactory:block/gen/conveyor_down_3/16","predicate":{"custom_model_data":100072}},{"model":"polyfactory:block/gen/sticky_conveyor_up_8/16","predicate":{"custom_model_data":100073}},{"model":"polyfactory:block/gen/conveyor_14/16","predicate":{"custom_model_data":100074}},{"model":"polyfactory:block/gen/conveyor_down_3/17","predicate":{"custom_model_data":100075}},{"model":"polyfactory:block/gen/sticky_conveyor_up_8/17","predicate":{"custom_model_data":100076}},{"model":"polyfactory:block/gen/conveyor_14/17","predicate":{"custom_model_data":100077}},{"model":"polyfactory:block/gen/conveyor_down_3/18","predicate":{"custom_model_data":100078}},{"model":"polyfactory:block/gen/sticky_conveyor_up_8/18","predicate":{"custom_model_data":100079}},{"model":"polyfactory:block/gen/conveyor_14/18","predicate":{"custom_model_data":100080}},{"model":"polyfactory:block/gen/conveyor_down_3/19","predicate":{"custom_model_data":100081}},{"model":"polyfactory:block/gen/sticky_conveyor_up_8/19","predicate":{"custom_model_data":100082}},{"model":"polyfactory:block/gen/conveyor_14/19","predicate":{"custom_model_data":100083}},{"model":"polyfactory:block/gen/conveyor_down_3/20","predicate":{"custom_model_data":100084}},{"model":"polyfactory:block/gen/sticky_conveyor_up_8/20","predicate":{"custom_model_data":100085}},{"model":"polyfactory:block/gen/conveyor_14/20","predicate":{"custom_model_data":100086}},{"model":"polyfactory:block/axle_with_gear_1","predicate":{"custom_model_data":100087}}]}