{"parent":"minecraft:item/generated","textures":{"layer0":"minecraft:item/rabbit_foot"},"overrides":[{"model":"computercraft:block/turtle_crafting_table_left","predicate":{"custom_model_data":100001}},{"model":"computercraft:block/disk_drive_empty","predicate":{"custom_model_data":100002}},{"model":"computercraft:block/monitor_normal_lud","predicate":{"custom_model_data":100003}},{"model":"computercraft:block/monitor_advanced_lu","predicate":{"custom_model_data":100004}},{"model":"computercraft:block/wired_modem_full_on","predicate":{"custom_model_data":100005}},{"model":"computercraft:item/pocket_computer_advanced","predicate":{"custom_model_data":100006}},{"model":"computercraft:item/pocket_computer_advanced","predicate":{"computercraft:state":0,"computercraft:coloured":0,"custom_model_data":100006}},{"model":"computercraft:item/pocket_computer_advanced_on","predicate":{"computercraft:state":1,"computercraft:coloured":0,"custom_model_data":100006}},{"model":"computercraft:item/pocket_computer_advanced_blinking","predicate":{"computercraft:state":2,"computercraft:coloured":0,"custom_model_data":100006}},{"model":"computercraft:item/pocket_computer_colour","predicate":{"computercraft:state":0,"computercraft:coloured":1,"custom_model_data":100006}},{"model":"computercraft:item/pocket_computer_colour_on","predicate":{"computercraft:state":1,"computercraft:coloured":1,"custom_model_data":100006}},{"model":"computercraft:item/pocket_computer_colour_blinking","predicate":{"computercraft:state":2,"computercraft:coloured":1,"custom_model_data":100006}},{"model":"computercraft:item/printed_pages","predicate":{"custom_model_data":100007}},{"model":"polydecorations:block/jungle_shelf_top","predicate":{"custom_model_data":100008}},{"model":"polydecorations:item/hammer","predicate":{"custom_model_data":100009}},{"model":"polydecorations:item/acacia_bench","predicate":{"custom_model_data":100010}},{"model":"polydecorations:item/crimson_table","predicate":{"custom_model_data":100011}},{"model":"polydecorations:item/oak_tool_rack","predicate":{"custom_model_data":100012}},{"model":"polydecorations:item/spruce_sign_post","predicate":{"custom_model_data":100013}},{"model":"polydecorations:item/jungle_statue","predicate":{"custom_model_data":100014}},{"model":"polydecorations:item/red_sandstone_statue","predicate":{"custom_model_data":100015}},{"model":"polydecorations:item/lime_terracotta_statue","predicate":{"custom_model_data":100016}},{"model":"polydecorations:block/globe_base","predicate":{"custom_model_data":100017}},{"model":"polyfactory:item/hand_crank","predicate":{"custom_model_data":100018}},{"model":"polyfactory:item/metal_grid","predicate":{"custom_model_data":100019}},{"model":"polyfactory:item/integrated_circuit","predicate":{"custom_model_data":100020}},{"model":"polyfactory:item/wireless_redstone_receiver","predicate":{"custom_model_data":100021}},{"model":"polyfactory:item/crushed_raw_copper","predicate":{"custom_model_data":100022}},{"model":"polyfactory:item/portable_fluid_tank","predicate":{"custom_model_data":100023}},{"model":"polyfactory:block/fluid_tank/negative_single_middle","predicate":{"custom_model_data":100024}},{"model":"polyfactory:block/fluid_tank/middle_single_middle","predicate":{"custom_model_data":100025}},{"model":"polyfactory:block/fluid_tank/positive_single_negative","predicate":{"custom_model_data":100026}},{"model":"polyfactory:block/fluid_tank/single_positive_single","predicate":{"custom_model_data":100027}},{"model":"polyfactory:block/planter_output_2","predicate":{"custom_model_data":100028}}]}