{"parent":"minecraft:item/generated","textures":{"layer0":"minecraft:item/rabbit_hide"},"overrides":[{"model":"computercraft:block/turtle_speaker_right","predicate":{"custom_model_data":100001}},{"model":"computercraft:block/speaker","predicate":{"custom_model_data":100002}},{"model":"computercraft:block/monitor_normal_lu","predicate":{"custom_model_data":100003}},{"model":"computercraft:block/monitor_advanced_lrud","predicate":{"custom_model_data":100004}},{"model":"computercraft:block/wired_modem_full_off_peripheral","predicate":{"custom_model_data":100005}},{"model":"computercraft:item/pocket_computer_normal_blinking","predicate":{"custom_model_data":100006}},{"model":"computercraft:item/printed_page","predicate":{"custom_model_data":100007}},{"model":"polydecorations:block/cherry_shelf_double","predicate":{"custom_model_data":100008}},{"model":"polydecorations:item/trowel","predicate":{"custom_model_data":100009}},{"model":"polydecorations:item/warped_shelf","predicate":{"custom_model_data":100010}},{"model":"polydecorations:item/cherry_table","predicate":{"custom_model_data":100011}},{"model":"polydecorations:item/mangrove_tool_rack","predicate":{"custom_model_data":100012}},{"model":"polydecorations:item/oak_sign_post","predicate":{"custom_model_data":100013}},{"model":"polydecorations:item/cherry_statue","predicate":{"custom_model_data":100014}},{"model":"polydecorations:item/sandstone_statue","predicate":{"custom_model_data":100015}},{"model":"polydecorations:item/yellow_terracotta_statue","predicate":{"custom_model_data":100016}},{"model":"polydecorations:block/unlit_brazier","predicate":{"custom_model_data":100017}},{"model":"polyfactory:item/fan","predicate":{"custom_model_data":100018}},{"model":"polyfactory:item/nixie_tube","predicate":{"custom_model_data":100019}},{"model":"polyfactory:item/treated_dried_kelp","predicate":{"custom_model_data":100020}},{"model":"polyfactory:item/hologram_projector","predicate":{"custom_model_data":100021}},{"model":"polyfactory:item/crushed_raw_iron","predicate":{"custom_model_data":100022}},{"model":"polyfactory:item/fluid_tank","predicate":{"custom_model_data":100023}},{"model":"polyfactory:block/fluid_tank/negative_single_negative","predicate":{"custom_model_data":100024}},{"model":"polyfactory:block/fluid_tank/middle_single_negative","predicate":{"custom_model_data":100025}},{"model":"polyfactory:block/fluid_tank/positive_positive_single","predicate":{"custom_model_data":100026}},{"model":"polyfactory:block/fluid_tank/single_positive_positive","predicate":{"custom_model_data":100027}},{"model":"polyfactory:block/planter_output","predicate":{"custom_model_data":100028}}]}