{"parent":"minecraft:block/red_carpet","overrides":[{"model":"polyfactory:block/gen/conveyor_down_1","predicate":{"custom_model_data":100001}},{"model":"polyfactory:block/gen/sticky_conveyor_up_6","predicate":{"custom_model_data":100002}},{"model":"polyfactory:block/gen/conveyor_12","predicate":{"custom_model_data":100003}},{"model":"polyfactory:block/gen/conveyor_down_1/1","predicate":{"custom_model_data":100004}},{"model":"polyfactory:block/gen/sticky_conveyor_up_6/1","predicate":{"custom_model_data":100005}},{"model":"polyfactory:block/gen/conveyor_12/1","predicate":{"custom_model_data":100006}},{"model":"polyfactory:block/gen/conveyor_down_1/2","predicate":{"custom_model_data":100007}},{"model":"polyfactory:block/gen/sticky_conveyor_up_6/2","predicate":{"custom_model_data":100008}},{"model":"polyfactory:block/gen/conveyor_12/2","predicate":{"custom_model_data":100009}},{"model":"polyfactory:block/gen/conveyor_down_1/3","predicate":{"custom_model_data":100010}},{"model":"polyfactory:block/gen/sticky_conveyor_up_6/3","predicate":{"custom_model_data":100011}},{"model":"polyfactory:block/gen/conveyor_12/3","predicate":{"custom_model_data":100012}},{"model":"polyfactory:block/gen/conveyor_down_1/4","predicate":{"custom_model_data":100013}},{"model":"polyfactory:block/gen/sticky_conveyor_up_6/4","predicate":{"custom_model_data":100014}},{"model":"polyfactory:block/gen/conveyor_12/4","predicate":{"custom_model_data":100015}},{"model":"polyfactory:block/gen/conveyor_down_1/5","predicate":{"custom_model_data":100016}},{"model":"polyfactory:block/gen/sticky_conveyor_up_6/5","predicate":{"custom_model_data":100017}},{"model":"polyfactory:block/gen/conveyor_12/5","predicate":{"custom_model_data":100018}},{"model":"polyfactory:block/gen/conveyor_down_1/6","predicate":{"custom_model_data":100019}},{"model":"polyfactory:block/gen/sticky_conveyor_up_6/6","predicate":{"custom_model_data":100020}},{"model":"polyfactory:block/gen/conveyor_12/6","predicate":{"custom_model_data":100021}},{"model":"polyfactory:block/gen/conveyor_down_1/7","predicate":{"custom_model_data":100022}},{"model":"polyfactory:block/gen/sticky_conveyor_up_6/7","predicate":{"custom_model_data":100023}},{"model":"polyfactory:block/gen/conveyor_12/7","predicate":{"custom_model_data":100024}},{"model":"polyfactory:block/gen/conveyor_down_1/8","predicate":{"custom_model_data":100025}},{"model":"polyfactory:block/gen/sticky_conveyor_up_6/8","predicate":{"custom_model_data":100026}},{"model":"polyfactory:block/gen/conveyor_12/8","predicate":{"custom_model_data":100027}},{"model":"polyfactory:block/gen/conveyor_down_1/9","predicate":{"custom_model_data":100028}},{"model":"polyfactory:block/gen/sticky_conveyor_up_6/9","predicate":{"custom_model_data":100029}},{"model":"polyfactory:block/gen/conveyor_12/9","predicate":{"custom_model_data":100030}},{"model":"polyfactory:block/gen/conveyor_down_1/10","predicate":{"custom_model_data":100031}},{"model":"polyfactory:block/gen/sticky_conveyor_up_6/10","predicate":{"custom_model_data":100032}},{"model":"polyfactory:block/gen/conveyor_12/10","predicate":{"custom_model_data":100033}},{"model":"polyfactory:block/gen/conveyor_down_1/11","predicate":{"custom_model_data":100034}},{"model":"polyfactory:block/gen/sticky_conveyor_up_6/11","predicate":{"custom_model_data":100035}},{"model":"polyfactory:block/gen/conveyor_12/11","predicate":{"custom_model_data":100036}},{"model":"polyfactory:block/gen/conveyor_down_1/12","predicate":{"custom_model_data":100037}},{"model":"polyfactory:block/gen/sticky_conveyor_up_6/12","predicate":{"custom_model_data":100038}},{"model":"polyfactory:block/gen/conveyor_12/12","predicate":{"custom_model_data":100039}},{"model":"polyfactory:block/gen/conveyor_down_1/13","predicate":{"custom_model_data":100040}},{"model":"polyfactory:block/gen/sticky_conveyor_up_6/13","predicate":{"custom_model_data":100041}},{"model":"polyfactory:block/gen/conveyor_12/13","predicate":{"custom_model_data":100042}},{"model":"polyfactory:block/gen/conveyor_down_1/14","predicate":{"custom_model_data":100043}},{"model":"polyfactory:block/gen/sticky_conveyor_up_6/14","predicate":{"custom_model_data":100044}},{"model":"polyfactory:block/gen/conveyor_12/14","predicate":{"custom_model_data":100045}},{"model":"polyfactory:block/gen/conveyor_down_1/15","predicate":{"custom_model_data":100046}},{"model":"polyfactory:block/gen/sticky_conveyor_up_6/15","predicate":{"custom_model_data":100047}},{"model":"polyfactory:block/gen/conveyor_12/15","predicate":{"custom_model_data":100048}},{"model":"polyfactory:block/gen/conveyor_down_1/16","predicate":{"custom_model_data":100049}},{"model":"polyfactory:block/gen/sticky_conveyor_up_6/16","predicate":{"custom_model_data":100050}},{"model":"polyfactory:block/gen/conveyor_12/16","predicate":{"custom_model_data":100051}},{"model":"polyfactory:block/gen/conveyor_down_1/17","predicate":{"custom_model_data":100052}},{"model":"polyfactory:block/gen/sticky_conveyor_up_6/17","predicate":{"custom_model_data":100053}},{"model":"polyfactory:block/gen/conveyor_12/17","predicate":{"custom_model_data":100054}},{"model":"polyfactory:block/gen/conveyor_down_1/18","predicate":{"custom_model_data":100055}},{"model":"polyfactory:block/gen/sticky_conveyor_up_6/18","predicate":{"custom_model_data":100056}},{"model":"polyfactory:block/gen/conveyor_12/18","predicate":{"custom_model_data":100057}},{"model":"polyfactory:block/gen/conveyor_down_1/19","predicate":{"custom_model_data":100058}},{"model":"polyfactory:block/gen/sticky_conveyor_up_6/19","predicate":{"custom_model_data":100059}},{"model":"polyfactory:block/gen/conveyor_12/19","predicate":{"custom_model_data":100060}},{"model":"polyfactory:block/gen/conveyor_down_1/20","predicate":{"custom_model_data":100061}},{"model":"polyfactory:block/gen/sticky_conveyor_up_6/20","predicate":{"custom_model_data":100062}},{"model":"polyfactory:block/gen/conveyor_12/20","predicate":{"custom_model_data":100063}}]}