{"parent":"minecraft:block/red_wool","overrides":[{"model":"polydecorations:block/birch_bench_left","predicate":{"custom_model_data":100001}},{"model":"polydecorations:block/dark_oak_bench_norest_left","predicate":{"custom_model_data":100002}},{"model":"polydecorations:block/oak_table_1","predicate":{"custom_model_data":100003}},{"model":"polydecorations:block/birch_table_1","predicate":{"custom_model_data":100004}},{"model":"polydecorations:block/cherry_table_1","predicate":{"custom_model_data":100005}},{"model":"polydecorations:block/dark_oak_table_1","predicate":{"custom_model_data":100006}},{"model":"polydecorations:block/warped_table_1","predicate":{"custom_model_data":100007}},{"model":"polydecorations:block/bamboo_table_1","predicate":{"custom_model_data":100008}},{"model":"polydecorations:block/statue/blackstone/right_leg","predicate":{"custom_model_data":100009}},{"model":"polydecorations:block/statue/diorite/body","predicate":{"custom_model_data":100010}},{"model":"polydecorations:block/statue/tuff_bricks/right_arm","predicate":{"custom_model_data":100011}},{"model":"polydecorations:block/statue/light_blue_terracotta/right_leg","predicate":{"custom_model_data":100012}},{"model":"polydecorations:block/statue/cyan_terracotta/body","predicate":{"custom_model_data":100013}},{"model":"polydecorations:block/statue/red_terracotta/right_arm","predicate":{"custom_model_data":100014}},{"model":"polydecorations:block/statue/acacia/right_leg","predicate":{"custom_model_data":100015}},{"model":"polydecorations:block/statue/mangrove/body","predicate":{"custom_model_data":100016}},{"model":"polyfactory:block/pipe/12","predicate":{"custom_model_data":100017}},{"model":"polyfactory:block/pipe/44","predicate":{"custom_model_data":100018}},{"model":"polyfactory:block/fluid/flat_scaled/11/minecraft/lava","predicate":{"custom_model_data":100019}},{"model":"polyfactory:block/fluid/portable_fluid_tank/h11/minecraft/lava","predicate":{"custom_model_data":100020}},{"model":"polyfactory:block/fluid/portable_fluid_tank/v13/minecraft/milk","predicate":{"custom_model_data":100021}},{"model":"polyfactory:block/fluid/flat_scaled/15/minecraft/experience","predicate":{"custom_model_data":100022}},{"model":"polyfactory:block/fluid/flat_scaled/1/minecraft/snow","predicate":{"custom_model_data":100023}},{"model":"polyfactory:block/fluid/portable_fluid_tank/h1/minecraft/snow","predicate":{"custom_model_data":100024}}]}