{"parent":"minecraft:item/handheld","textures":{"layer0":"minecraft:item/stone_hoe"},"overrides":[{"predicate":{"custom_model_data":1.0},"model":"azurepaxels:item/diamond_paxel"},{"predicate":{"custom_model_data":2.0},"model":"azurepaxels:item/golden_paxel"},{"predicate":{"custom_model_data":3.0},"model":"azurepaxels:item/iron_paxel"},{"predicate":{"custom_model_data":4.0},"model":"azurepaxels:item/netherite_paxel"},{"predicate":{"custom_model_data":5.0},"model":"azurepaxels:item/stone_paxel"},{"predicate":{"custom_model_data":6.0},"model":"azurepaxels:item/wooden_paxel"}]}