{"parent":"minecraft:item/generated","textures":{"layer0":"minecraft:item/sugar"},"overrides":[{"model":"computercraft:block/computer_normal_blinking","predicate":{"custom_model_data":100001}},{"model":"computercraft:block/printer_empty","predicate":{"custom_model_data":100002}},{"model":"computercraft:block/monitor_normal_rd","predicate":{"custom_model_data":100003}},{"model":"computercraft:block/monitor_advanced_r","predicate":{"custom_model_data":100004}},{"model":"computercraft:block/cable_core_any","predicate":{"custom_model_data":100005}},{"model":"computercraft:item/turtle_normal","predicate":{"custom_model_data":100006}},{"model":"computercraft:item/disk_drive","predicate":{"custom_model_data":100007}},{"model":"polydecorations:block/dark_oak_shelf_double","predicate":{"custom_model_data":100008}},{"model":"polydecorations:item/globe","predicate":{"custom_model_data":100009}},{"model":"polydecorations:item/cherry_bench","predicate":{"custom_model_data":100010}},{"model":"polydecorations:item/mangrove_table","predicate":{"custom_model_data":100011}},{"model":"polydecorations:item/acacia_mailbox","predicate":{"custom_model_data":100012}},{"model":"polydecorations:item/cherry_sign_post","predicate":{"custom_model_data":100013}},{"model":"polydecorations:item/warped_statue","predicate":{"custom_model_data":100014}},{"model":"polydecorations:item/diorite_statue","predicate":{"custom_model_data":100015}},{"model":"polydecorations:item/light_gray_terracotta_statue","predicate":{"custom_model_data":100016}},{"model":"polyfactory:block/hologram_projector_active","predicate":{"custom_model_data":100017}},{"model":"polyfactory:item/press","predicate":{"custom_model_data":100018}},{"model":"polyfactory:item/ender_infused_amethyst_shard","predicate":{"custom_model_data":100019}},{"model":"polyfactory:item/creative_container","predicate":{"custom_model_data":100020}},{"model":"polyfactory:item/electric_motor","predicate":{"custom_model_data":100021}},{"model":"polyfactory:item/spray_can_empty","predicate":{"custom_model_data":100022}},{"model":"polyfactory:block/fluid_tank/negative_negative_middle","predicate":{"custom_model_data":100023}},{"model":"polyfactory:block/fluid_tank/middle_negative_negative","predicate":{"custom_model_data":100024}},{"model":"polyfactory:block/fluid_tank/positive_negative_negative","predicate":{"custom_model_data":100025}},{"model":"polyfactory:block/fluid_tank/positive_single_single","predicate":{"custom_model_data":100026}},{"model":"polyfactory:block/fluid_tank/single_single_positive","predicate":{"custom_model_data":100027}},{"model":"polyfactory:block/data_cube_connector_input_a","predicate":{"custom_model_data":100028}}]}