{"parent":"minecraft:item/generated","textures":{"layer0":"minecraft:item/turtle_scute"},"overrides":[{"model":"computercraft:block/turtle_modem_advanced_off_right","predicate":{"custom_model_data":100001}},{"model":"computercraft:block/turtle_normal","predicate":{"custom_model_data":100002}},{"model":"computercraft:block/monitor_normal_lru","predicate":{"custom_model_data":100003}},{"model":"computercraft:block/monitor_advanced_lrd","predicate":{"custom_model_data":100004}},{"model":"computercraft:block/wireless_modem_advanced_on","predicate":{"custom_model_data":100005}},{"model":"computercraft:item/computer_command","predicate":{"custom_model_data":100006}},{"model":"computercraft:item/pocket_computer_normal","predicate":{"custom_model_data":100007}},{"model":"computercraft:item/pocket_computer_normal","predicate":{"computercraft:state":0,"computercraft:coloured":0,"custom_model_data":100007}},{"model":"computercraft:item/pocket_computer_normal_on","predicate":{"computercraft:state":1,"computercraft:coloured":0,"custom_model_data":100007}},{"model":"computercraft:item/pocket_computer_normal_blinking","predicate":{"computercraft:state":2,"computercraft:coloured":0,"custom_model_data":100007}},{"model":"computercraft:item/pocket_computer_colour","predicate":{"computercraft:state":0,"computercraft:coloured":1,"custom_model_data":100007}},{"model":"computercraft:item/pocket_computer_colour_on","predicate":{"computercraft:state":1,"computercraft:coloured":1,"custom_model_data":100007}},{"model":"computercraft:item/pocket_computer_colour_blinking","predicate":{"computercraft:state":2,"computercraft:coloured":1,"custom_model_data":100007}},{"model":"polydecorations:block/acacia_shelf_double","predicate":{"custom_model_data":100008}},{"model":"polydecorations:block/mailbox_flag","predicate":{"custom_model_data":100009}},{"model":"polydecorations:item/oak_shelf","predicate":{"custom_model_data":100010}},{"model":"polydecorations:item/bamboo_table","predicate":{"custom_model_data":100011}},{"model":"polydecorations:item/dark_oak_tool_rack","predicate":{"custom_model_data":100012}},{"model":"polydecorations:item/spruce_mailbox","predicate":{"custom_model_data":100013}},{"model":"polydecorations:item/birch_statue","predicate":{"custom_model_data":100014}},{"model":"polydecorations:item/blackstone_statue","predicate":{"custom_model_data":100015}},{"model":"polydecorations:item/magenta_terracotta_statue","predicate":{"custom_model_data":100016}},{"model":"polydecorations:block/lantern_support_wall","predicate":{"custom_model_data":100017}},{"model":"polyfactory:item/funnel","predicate":{"custom_model_data":100018}},{"model":"polyfactory:item/clutch","predicate":{"custom_model_data":100019}},{"model":"polyfactory:item/large_steel_gear","predicate":{"custom_model_data":100020}},{"model":"polyfactory:item/data_memory","predicate":{"custom_model_data":100021}},{"model":"polyfactory:item/crispy_honey","predicate":{"custom_model_data":100022}},{"model":"polyfactory:item/creative_drain","predicate":{"custom_model_data":100023}},{"model":"polyfactory:block/fluid_tank/negative_positive_positive","predicate":{"custom_model_data":100024}},{"model":"polyfactory:block/fluid_tank/middle_positive_positive","predicate":{"custom_model_data":100025}},{"model":"polyfactory:block/fluid_tank/positive_positive_middle","predicate":{"custom_model_data":100026}},{"model":"polyfactory:block/fluid_tank/single_positive_negative","predicate":{"custom_model_data":100027}},{"model":"polyfactory:item/portable_fluid_tank/minecraft/snow","predicate":{"custom_model_data":100028}}]}