{"parent":"minecraft:block/white_wool","overrides":[{"model":"polydecorations:block/oak_bench_left","predicate":{"custom_model_data":100001}},{"model":"polydecorations:block/cherry_bench_norest_left","predicate":{"custom_model_data":100002}},{"model":"polydecorations:block/mangrove_bench_right","predicate":{"custom_model_data":100003}},{"model":"polydecorations:block/spruce_table_3","predicate":{"custom_model_data":100004}},{"model":"polydecorations:block/acacia_table_3","predicate":{"custom_model_data":100005}},{"model":"polydecorations:block/jungle_table_3","predicate":{"custom_model_data":100006}},{"model":"polydecorations:block/crimson_table_3","predicate":{"custom_model_data":100007}},{"model":"polydecorations:block/mangrove_table_3","predicate":{"custom_model_data":100008}},{"model":"polydecorations:block/statue/stone/right_arm","predicate":{"custom_model_data":100009}},{"model":"polydecorations:block/statue/red_sandstone/right_leg","predicate":{"custom_model_data":100010}},{"model":"polydecorations:block/statue/packed_mud/body","predicate":{"custom_model_data":100011}},{"model":"polydecorations:block/statue/orange_terracotta/right_arm","predicate":{"custom_model_data":100012}},{"model":"polydecorations:block/statue/pink_terracotta/right_leg","predicate":{"custom_model_data":100013}},{"model":"polydecorations:block/statue/brown_terracotta/body","predicate":{"custom_model_data":100014}},{"model":"polydecorations:block/statue/spruce/right_arm","predicate":{"custom_model_data":100015}},{"model":"polydecorations:block/statue/dark_oak/right_leg","predicate":{"custom_model_data":100016}},{"model":"polyfactory:block/press_piston","predicate":{"custom_model_data":100017}},{"model":"polyfactory:block/pipe/30","predicate":{"custom_model_data":100018}},{"model":"polyfactory:block/pipe/62","predicate":{"custom_model_data":100019}},{"model":"polyfactory:block/fluid/portable_fluid_tank/v13/minecraft/lava","predicate":{"custom_model_data":100020}},{"model":"polyfactory:block/fluid/flat_scaled/15/minecraft/milk","predicate":{"custom_model_data":100021}},{"model":"polyfactory:block/fluid/flat_scaled/1/minecraft/experience","predicate":{"custom_model_data":100022}},{"model":"polyfactory:block/fluid/portable_fluid_tank/h1/minecraft/experience","predicate":{"custom_model_data":100023}},{"model":"polyfactory:block/fluid/portable_fluid_tank/v3/minecraft/snow","predicate":{"custom_model_data":100024}}]}